Bootstrap_iteration,Delta_RMSE_RCT_minus_3DFin
1,-1.0554518582599637
2,-0.5433337171246015
3,-1.1477883829049351
4,-0.6770900754866911
5,-0.9602908010012741
6,-0.5372654474009568
7,-1.307807582347903
8,-0.6261645003350527
9,-0.5861808620880309
10,-1.1311054506958533
11,-1.2395888598751517
12,-0.7489038460243937
13,-0.7580236108944614
14,-0.722174491938314
15,-0.5616084056543027
16,-1.2893535503941258
17,-0.5051023611181997
18,-0.9820411758659819
19,-1.0063867605147485
20,-1.410431783194762
21,-0.9374282523458555
22,-0.44734843683704417
23,-1.6307573123901602
24,-2.003502584373603
25,-1.2690780863791817
26,-0.2055725837776945
27,-0.24319654909642718
28,-0.7536428539658417
29,-0.22691804109072056
30,-0.6549671122926073
31,-0.6900066068673205
32,0.028472779320899866
33,-0.2870053650613107
34,-1.1155504587603657
35,-0.3383433456614613
36,-0.5716336998688365
37,-1.3135482065781807
38,-0.8814527587655057
39,-0.7649494376961459
40,-1.117804762338607
41,-0.7008161853066106
42,-0.7235526856675638
43,-0.577482476335458
44,-0.7462757831096094
45,-0.9289927460320813
46,-0.7617598759036439
47,-0.6358664011637196
48,-0.43756279237537266
49,0.07506258688255929
50,-0.3474128098641964
51,-0.6512350190250393
52,-1.4166483296142536
53,-0.5276028402748865
54,-0.9284850475049904
55,-0.8365012938910192
56,-0.3452765432113085
57,-0.1589516594002518
58,-0.7270512848088715
59,-0.5397713680566323
60,-1.320850562731131
61,-1.081072021910229
62,-0.14804795514572477
63,-0.7560433820875203
64,-0.5697515969363616
65,-0.6387481462649807
66,-1.3281098955787474
67,-1.5542814108394303
68,0.03568967505950971
69,-0.5690553263516225
70,-0.7585720808061427
71,-0.6707030404073246
72,-0.2875750073045005
73,-0.9801970745753426
74,-0.7022189324450172
75,-0.441530715412654
76,-0.7093734691196816
77,-1.1838738383348366
78,-1.023699080841557
79,-1.1750138280138633
80,-0.7862009280634388
81,-0.7490663537849327
82,-1.1035208151443894
83,-0.866275834542209
84,0.1927526312194393
85,-0.6414746780540839
86,-0.8638117256586015
87,-0.48143211224056026
88,-0.21982679056404808
89,-1.0324987516412554
90,-0.988763642866799
91,-0.6866211662163126
92,-1.6092333714034188
93,-0.767330045056053
94,-0.6682162404610237
95,-0.23098559040075095
96,-0.40925348462182165
97,-1.0582476828661194
98,-0.43214459113282766
99,-1.1055467750862025
100,-0.32170708297409956
101,-0.6659183869720744
102,-1.2175414694313127
103,-0.5723844857005456
104,-1.2813635058236883
105,-0.4583719547503655
106,-0.8235694175429269
107,-0.07014901827612796
108,-0.7611473011146574
109,-0.13747360195659564
110,-0.468285340469629
111,-0.3910682048967522
112,-0.8234966887667905
113,-0.9069425380703708
114,-0.8339324986502916
115,-1.0864338959963842
116,0.08779784211854591
117,-0.42576808667517163
118,-0.44437535200339706
119,-0.9731811928283092
120,-1.0446323363093448
121,-0.8385886110890535
122,-0.9586510681093354
123,-0.6447788656871278
124,-0.7289946813910251
125,-1.6371595996806898
126,-0.5988669989662845
127,-1.2283428641775886
128,-0.6167082270668749
129,-0.6863608973185533
130,-1.1724008779477972
131,-0.6728901009516468
132,-0.29494004659438566
133,-0.2764819942823209
134,-0.04821429945008915
135,-0.34137053173021004
136,-0.3158831642325777
137,-0.749698227985615
138,-0.4970086441389183
139,-0.2101949672146577
140,-0.5976518300300526
141,-0.8083554622637648
142,-0.5779841074592578
143,-0.4956307690657398
144,-0.1622352855727851
145,-0.6481788626386726
146,-0.9111154124029541
147,-0.4510175172041644
148,-0.6703969354923869
149,-0.2705952905971385
150,-1.2896758127160668
151,-1.6120112430952755
152,-0.5325455044166907
153,-0.3162356241741531
154,-0.6283470819390953
155,-0.7757976315799153
156,-0.24581414794453282
157,-0.18848003041303008
158,-0.726505366372828
159,-0.10299391851359818
160,-1.4119941304123755
161,-1.0382833680144092
162,-0.15666542711392517
163,-0.8274918002147669
164,-0.6638835404925119
165,-0.1756196475709444
166,-0.9208886872243305
167,-0.8342725559687842
168,-1.2309748350374983
169,-1.1502351167443197
170,-0.6712013661263596
171,-0.5482755432979267
172,0.594461578011046
173,-0.5477156876425666
174,-1.1202097026273792
175,-0.35768168048375015
176,0.014718659046526916
177,-0.10223152252143342
178,-0.5289154792868769
179,-0.6277116955295483
180,-0.9668236802308519
181,-0.04818192063753268
182,-1.0990622864886794
183,-0.7575266622133006
184,-0.7139598304901735
185,-0.6874155121478958
186,-0.8657101426594023
187,-1.073909757064916
188,-0.6120851365303004
189,-0.3994335658012491
190,-0.9641832990846484
191,-0.023745851650243344
192,-0.5641216764478654
193,-0.4146083367071576
194,-0.716944863023385
195,-1.0333302078466757
196,-0.6833335156145564
197,-0.6937018077788446
198,-0.3957625638165849
199,-0.5976402484792969
200,-0.9668362119294258
201,-0.7964007145604108
202,-1.1760907634341249
203,-0.7645699382409932
204,-0.5290346011243692
205,-1.368969943508581
206,-0.9871109539414058
207,-0.7573474631834505
208,-0.6749689903155272
209,-0.8809641678254934
210,-0.1662334991020269
211,-1.1425216958038342
212,-0.988666623887549
213,-0.7953423830700377
214,-1.1370256069493296
215,-0.5304852009068279
216,-0.6478405808002914
217,-0.10814786294409506
218,-0.3250766650895138
219,-0.23818997983190293
220,-0.21060792454251054
221,-1.306599771997822
222,-1.1508081152699496
223,-0.40516729116858086
224,-0.641022124599492
225,-1.1156200950560022
226,-0.20114957760646246
227,-1.0980849592946464
228,-1.1977718829049109
229,-0.6978414631851164
230,-0.701629330262644
231,-1.1702979551318222
232,-0.09886717114386179
233,-0.14981772756543643
234,-0.5867553570217852
235,-0.25688025367356726
236,-0.30812216764466727
237,-0.9314190315808069
238,-0.9660576970100212
239,-0.7305127606583177
240,-0.2478690657798448
241,-0.5010457292139163
242,-0.417515048074641
243,-1.0779522751333497
244,-0.7258072269407796
245,-0.6984811858291571
246,-0.7982049942912148
247,-2.084876860032732
248,-0.8654257630331204
249,-1.0177006924651135
250,-1.3717085355318703
251,-0.6330858427148727
252,-0.9747960280527725
253,-0.10899003843163135
254,-0.2222214941469418
255,-0.6151656515840576
256,-1.014843930992612
257,-0.9973232982742855
258,-0.5895734201137599
259,-0.5775078613887956
260,-0.8236106813850426
261,-1.461795327505697
262,-2.2734292262617406
263,-0.37231175599524713
264,0.25184538262177836
265,-0.793269379980738
266,-0.40858382001509774
267,-0.26339968191943575
268,-0.5244259361936996
269,-1.161473708361581
270,-0.05610470192652395
271,-0.20046629190735166
272,-0.8946168486262174
273,-0.2042179672754112
274,-0.690699350058054
275,-0.7236635567433285
276,-0.3393857881594575
277,-0.3942300432027148
278,-0.731928877779426
279,-0.40367166795858167
280,-0.689422595400631
281,-0.6844564216782436
282,0.09306347288796823
283,-0.2793047857311941
284,-0.6600433264069172
285,-0.8364727439055173
286,-0.763375399536395
287,-0.8022306079039478
288,-1.486245564053857
289,0.007572818121019731
290,-0.11301980152287472
291,-0.7292797239979083
292,-1.091269376753533
293,-0.18617328358545593
294,-0.32143586211949415
295,-0.5775202959662331
296,-0.791696367946628
297,-1.2165690337120334
298,-0.5598791706449755
299,-0.671705167454641
300,-0.2744330636105108
301,-0.6735763072671257
302,-1.506729004302765
303,-1.065054317369405
304,-1.2354313202469969
305,-1.068159461542389
306,-1.3689617657811461
307,-0.7975409941494438
308,-0.3544970622996728
309,-0.2849283372011997
310,-0.4202243680893143
311,-0.2879915658009107
312,-0.5514942039858441
313,-0.6513551576960552
314,-0.29716959591395553
315,-1.3699945324866891
316,-0.4849805042960331
317,-0.4728466440532233
318,-1.137502132344471
319,-0.7965259255078507
320,-0.32536626858074946
321,-0.9352183982380773
322,-1.0927186601135916
323,-0.8557724709074344
324,-0.7310240469298739
325,-0.7967324090338048
326,-0.2210183997818831
327,-1.2729989836317652
328,-0.19933984685041883
329,-0.6127433153347204
330,-0.6175186443190155
331,-0.7395025149267722
332,-0.588872638197393
333,-0.6919439713081286
334,-0.7516520849631949
335,-0.522369292866379
336,-1.0970544081556
337,-0.7760708394867013
338,-1.0867174304546077
339,-0.7965259255078507
340,-0.3276879805356465
341,-0.17983009247910897
342,-0.7304998043278883
343,-1.8020153041571552
344,-0.4099507577784607
345,-0.6405263648469642
346,-0.4102917311893117
347,-0.3313699854143346
348,-0.3641516148891788
349,-1.0418466330683764
350,-1.0914633680180263
351,-0.08228091757051148
352,-0.5526688154607982
353,-0.9252578699226959
354,-0.3339048538559801
355,-0.6443378389870249
356,-0.43179606112800784
357,-1.0512982736083818
358,-0.753096630568898
359,-0.8448135928636888
360,-0.2228441100337677
361,-1.362382508735573
362,-1.479748445647313
363,-0.8381747859317725
364,-0.6889543174380128
365,-0.3460430216499506
366,-0.25567581319784893
367,-0.4408029320989213
368,-0.9502293117831366
369,-1.392459218881607
370,-0.21493406613470056
371,-0.3673802162023829
372,-1.0155386332560876
373,-0.9598029883727983
374,-1.1322846213073123
375,-0.3426993334321584
376,-0.14833933863220694
377,-0.5155949877218831
378,-1.4105663018795414
379,-0.7998091554819236
380,-0.3839220149293363
381,-0.8576839859197505
382,-0.5939647698261181
383,-0.5775877975685826
384,-0.9528366905583554
385,-1.1788227117073726
386,-0.4219963243338507
387,-0.8384217054318732
388,-0.274856100653988
389,-1.248277438408115
390,-0.6611465861948405
391,-0.2867052356258304
392,-0.05224379556498637
393,-1.3837313258726345
394,-0.7074610848054936
395,-0.7426081464084269
396,-1.0917454393250194
397,-0.6499428537068344
398,-0.9136832197622937
399,-0.19758889311387384
400,-0.27587720940449056
401,-0.7548695619606662
402,0.6011809466322837
403,-1.2828478663985683
404,-0.36662311692279936
405,-0.19304717774179725
406,-0.5824436888441993
407,-1.0912292384869784
408,-1.1206593332323336
409,-0.4616276121695404
410,-0.46019894820654583
411,-0.25106383995941517
412,-0.546535950647081
413,-0.24660086168289674
414,-0.1713462386433675
415,-0.3617365753462576
416,-0.2747463302982256
417,-0.6974720908931373
418,-0.7558203758983331
419,-1.1669448362329173
420,-0.26654884811815105
421,-0.6977442972002073
422,-0.4755621424839884
423,-0.3643672580707369
424,-0.8285397943621502
425,-0.704080434496245
426,-0.6890510991943835
427,-0.7969573911631507
428,-0.6095977776053381
429,-1.3410066715325781
430,-0.07995814724299288
431,-0.7377470916922269
432,-0.6326158077719586
433,-0.6015054887447329
434,-0.9379477391344262
435,-1.2597716898488382
436,-1.1745744293146483
437,0.07372818477329646
438,-0.5609046660553356
439,-0.8149216860589164
440,-0.98848070121264
441,0.10028584708558941
442,-0.7307543787893946
443,-0.5924256299743051
444,-0.1533261783019393
445,-1.0382430267374183
446,-1.413458550407596
447,-0.706360700735891
448,-0.12774180757367626
449,-0.6330170309633938
450,-0.6767369522549247
451,-0.5181732661476623
452,-0.43334823665724853
453,-0.31487798790108723
454,-0.637589900634602
455,-0.5376259342774459
456,-0.7298628552139055
457,-0.20589222700313914
458,-0.7512653198191788
459,-0.7968914479576985
460,0.31130205335040484
461,-1.03209594333811
462,-0.7234558136734122
463,-0.5468629020440394
464,-0.7980124931159001
465,-0.5000432524084699
466,-0.6303836373750824
467,-0.7033595904063581
468,-0.8790589735794505
469,-0.7725761299535829
470,-1.6852284353280085
471,0.04964352037313624
472,-1.0118718476503816
473,-1.0559724825831784
474,-1.0958812264476694
475,-0.4832428311088717
476,-0.6823081405102172
477,-1.323471376474935
478,-0.1459774025643059
479,-1.1689571863157795
480,-0.213964134894987
481,-0.6820693580511212
482,-0.5990043195674586
483,-0.33665099346201854
484,-1.561465581289098
485,-0.6915583876694371
486,-0.6567246236021824
487,-0.2554206506754204
488,-0.3615110275576403
489,-0.4946705553341697
490,-0.5889881139692603
491,-0.652934834269149
492,-0.3645094412934877
493,-0.6826643773820709
494,-0.21968515182540793
495,-0.05533486743846838
496,-0.6826469909677635
497,-0.39661075749434804
498,-0.6914941925779172
499,-0.3974926421604832
500,-0.7858340109368362
501,-0.8479252671582684
502,-0.40525327467559435
503,-0.9282433109597885
504,-0.9805769431792677
505,-0.2817545823040519
506,-0.6220385163156827
507,-0.3311472937989115
508,-1.2112311023693927
509,-0.7622966066923755
510,-1.0735120010491026
511,-1.0786998047630734
512,-0.7347349043407292
513,-0.45040978543839905
514,-0.5669628929585948
515,-1.0174740188014977
516,-0.5507161620140644
517,-0.3567749599388854
518,-0.2731565495795154
519,-0.6539827163040552
520,-1.2099073061332875
521,-0.7524704924414483
522,-0.5633789843079837
523,-0.14863603580175133
524,-1.0193589217596366
525,-0.28286175378698175
526,-0.7431345462270549
527,-0.8927701955487501
528,-0.5202777061182333
529,-0.33037827384102725
530,-0.6374374067331388
531,-0.9354062649152475
532,-0.2696612370531526
533,-0.691571480700873
534,-0.1803503080408435
535,-0.7833955063109843
536,-0.16089145199724575
537,-0.3536285039865412
538,-0.6834949950314115
539,-1.0412196594641028
540,-0.6519422800601067
541,-0.04071702933667143
542,-0.6998013355971966
543,-0.7079234418631077
544,-0.9672779320230247
545,-0.6510456435809351
546,-0.2004034769866423
547,-1.1832841455085217
548,-0.9241126938016699
549,-1.5421472468076027
550,-1.4579787600336984
551,-1.1219268866754881
552,-0.9109520937763869
553,-1.096966420237728
554,-0.7928557151774662
555,-0.2382507373917595
556,-1.056509054683675
557,-0.07935942846724608
558,-0.6769425686658899
559,-0.2522803828739639
560,-0.8807138574106173
561,-0.16816064689244725
562,-0.8090615970305088
563,-0.7665005886331562
564,-1.280823763369041
565,-0.5958784267757928
566,-0.21138431378656097
567,-0.7525913363078311
568,-1.1305037506514561
569,-0.2753306399016795
570,-1.2074208954459391
571,-0.6071832235649672
572,-0.43998825980582534
573,-1.0120532024247781
574,-0.9033158208493264
575,-0.01603944099793364
576,-0.663477658350935
577,-1.1992295895830565
578,-0.30392169478310826
579,-1.8577322524591753
580,-0.9563848127754893
581,-0.4410737865179917
582,-0.72054429875877
583,-0.19377901447914825
584,-0.12870008251973286
585,-1.4060867005762923
586,-0.6159227201960802
587,-0.4193861293031125
588,-0.6684302090467529
589,-1.8364051718531167
590,-0.44531347053939996
591,-0.9633188271853284
592,-1.3831941269365584
593,-0.7858266461293595
594,-0.7441519406685673
595,-0.6674736147111389
596,-0.6610272698836508
597,-0.8448135928636888
598,-0.5888374071251088
599,-1.0613849614853257
600,-0.9561920883997066
601,-0.7431704925792832
602,-0.4771010137626468
603,-0.7105928313550758
604,-0.5594124851998581
605,-0.19629792322725326
606,-0.8521378306171381
607,-0.44482301829397075
608,-0.7314207259737526
609,-0.6124159913381573
610,-0.7193528264658586
611,-0.8392565653112758
612,-0.11180048138881937
613,0.002775177145303509
614,-1.0587473787288832
615,-0.3991114989723088
616,-0.82465041246085
617,-1.180485293423726
618,-0.7450833163049679
619,-0.5249568935921927
620,-0.54861560635755
621,-0.6896264688793332
622,-0.2626182702494906
623,-0.9086943497122242
624,-1.1047119555926153
625,-0.2655200344524977
626,-1.0801541841813833
627,-1.1082393030238318
628,-0.7052404701013142
629,-0.4094618593357193
630,-1.5123146640948233
631,-0.9648520302215411
632,-0.26994822410188135
633,-1.0747131657052216
634,-0.5121032355580448
635,-1.0090750863294742
636,-0.572669479846883
637,-1.1806365202283329
638,-0.020704501695397504
639,-1.551646047961068
640,-1.1335751028475127
641,-0.3823791453887573
642,-0.6433116673321544
643,-0.9875164069772757
644,-1.1618908560621146
645,-0.7175489115739742
646,-0.2865079104494448
647,-0.7295156661508071
648,-0.9835801173494649
649,-1.138019848826647
650,-0.16307108712185525
651,-0.5503762351850501
652,-1.238026174074191
653,-0.06616879704591061
654,-0.9383631759512094
655,-0.3314178368066778
656,-0.9133759620651203
657,-1.0814862718163376
658,-0.43940508019667623
659,-0.5078740934358921
660,-0.4487715636260632
661,0.28250981641080986
662,-1.546639720505748
663,-0.4758989687218116
664,-1.0737047661654207
665,-1.4440335847674466
666,-0.715424689226714
667,-0.4717008036090631
668,-0.6996546235275511
669,-0.4180250980390854
670,-1.1468067450600237
671,-0.503347703904033
672,-1.0693693325179758
673,-0.48891810114139256
674,-0.6204260957359486
675,-0.660266656470575
676,-1.2613017709592595
677,-0.8913653051570036
678,-0.7373420830685511
679,-0.7022745685195715
680,-1.7249913702612107
681,-0.47327455183609546
682,-0.7851090716303961
683,-0.7878684239684932
684,-1.4557570803985789
685,-0.5172148268932353
686,-0.30974673922985074
687,-0.5554392747608146
688,-1.2126278897715448
689,-0.8604598324597676
690,-0.352699923169304
691,-1.3805755121806749
692,-1.1839016065982544
693,-1.7415033577431656
694,-0.6625891892250801
695,-0.8058347121251752
696,0.009122958970805506
697,-0.2195168716979916
698,-1.0295413989299538
699,-0.7151775353108731
700,0.030442831825939543
701,-0.35001707211583444
702,-0.6385194950380022
703,-0.8355232208468435
704,-0.9198744681609048
705,-0.23050402163408412
706,-0.5492028056918603
707,-1.1890313572297957
708,-1.9729259471480927
709,-0.7217333858892232
710,-0.803522881305599
711,-0.40628825874754293
712,-1.9539378862434236
713,-0.11788494975815844
714,-0.27691689262983465
715,-0.1659442936735256
716,-0.5065848726129083
717,-0.9389520573004573
718,-0.2881348876630456
719,-0.5139959294810446
720,-1.2455804800583103
721,-0.461723093022806
722,-0.26449840211110875
723,-0.9527997932623515
724,-0.32297526314531
725,-0.9561295166352259
726,-0.7494124996391283
727,-0.5199011629520549
728,-0.7167562998807628
729,-1.23438305347194
730,-0.6433272130353784
731,-0.6172547437538856
732,-0.27337623942727785
733,-1.131911577610281
734,-0.22679227992122164
735,-1.0822943174508588
736,-0.7127286302383498
737,-0.31724248046154857
738,-0.44747101744215323
739,-0.3205618730784452
740,-0.2108121786500392
741,-1.1101103892921134
742,-1.0628334686765455
743,-0.3595666410207099
744,-0.6062202175007299
745,-0.4060924770165788
746,-1.0165400120598604
747,-1.356314739427849
748,-0.2758222487702944
749,-0.10631531248628301
750,-1.1928284935044022
751,-1.8980051791555221
752,-0.35959553047084913
753,-0.6651668890985851
754,-0.21355992905828813
755,-0.05931554052721966
756,-0.8148734662401567
757,-0.8203199519850455
758,-0.44525114029974344
759,-1.2671059766980695
760,0.18843250295099612
761,-0.4353395211822244
762,-0.3520726258976621
763,-0.6099767895815882
764,-0.5839441231587621
765,-0.7018261708712452
766,-0.6010703535363784
767,-0.976842960727101
768,-0.08015268092154626
769,-1.0204721602996953
770,-1.3203550725758069
771,-0.491917392718336
772,-0.8995923531408478
773,-0.21858881438875222
774,-1.1254898066821437
775,-0.5412995984352671
776,-1.028242794010354
777,-0.5580208069573063
778,-1.225970473015801
779,-0.443375246914645
780,-0.3661198856228589
781,0.06759445668028152
782,-1.3469623687560346
783,-1.4763861965801075
784,-0.9439638772768215
785,-1.0987920935764732
786,-1.6373130510144662
787,-1.434800204076228
788,-0.1965098149448996
789,-0.3848989404866825
790,-0.1575870931679102
791,-0.8835930212020138
792,-0.6741892507067249
793,-1.0553798284042388
794,-0.690274188036184
795,-0.5810124648224324
796,-1.141200904470623
797,-1.61098281011612
798,0.007380548626431116
799,-1.1571287885194714
800,-0.9229423520623903
801,-1.715849730284658
802,-0.9690229777202766
803,-0.7336805621084941
804,-0.9463856890701654
805,-0.02506845080493325
806,-0.36213886268845874
807,-1.3301752260160455
808,-0.8381414459691612
809,-0.7191647017608314
810,-0.818007986383462
811,-0.1372575720796818
812,-1.0138166326867109
813,-0.23982469477310842
814,-0.2678498845904129
815,0.06627397752605746
816,-1.184842138235032
817,-0.695767551554344
818,0.08064794057351343
819,-0.9612234810408049
820,-0.07516341891164591
821,-0.6300418336658189
822,-0.6324828153994315
823,-0.7561773424232328
824,-0.45603247851072526
825,-0.9134391243964433
826,-0.42266549794742314
827,-0.5464687363405463
828,-0.8532633337961282
829,-0.5219390707998008
830,-0.6821166985129705
831,-0.43261997413584474
832,-0.7744824274488895
833,-0.9746378272866756
834,-0.43055408760754155
835,-0.7534479895370376
836,-0.5298255835367267
837,-1.460008930667958
838,-1.530929858137835
839,-0.5053500463464586
840,-0.37466410220648294
841,-0.7025248446680132
842,-0.792576300678665
843,-0.8459079586832667
844,-0.7184613448221517
845,-0.3308160286701143
846,-0.6800511426214659
847,-0.8839056782971808
848,-1.189096482316882
849,-0.6008224288468451
850,-0.3573303470997009
851,-0.6884268182630171
852,-0.6057194978882914
853,-0.530621335968056
854,-0.7664383646919066
855,-0.8467845882980138
856,-0.6491104258561209
857,-0.4177791767960022
858,-0.5777939097326492
859,-0.8779995758023831
860,-1.43055515898362
861,-0.6352304126329853
862,-0.1427888101931285
863,-0.42010032586525536
864,-0.833416679639583
865,-0.707130299344056
866,-0.04156504551764861
867,-0.48419546132978075
868,-0.7283996384506408
869,-0.6718389092470407
870,-0.7836803971852102
871,-2.2546476341074153
872,-0.4562458239780738
873,-0.29945672130685086
874,-0.6256307611688132
875,-1.0946257070059688
876,-1.2944356496416807
877,-1.1237622343290625
878,0.41108470950538667
879,-1.1228504187247357
880,0.06361079057092733
881,-0.256539034837429
882,-0.7514203177765144
883,-0.23137470983449715
884,-0.10143162606808542
885,-0.43690146733167223
886,-0.5031512365956545
887,-1.0083768138710727
888,-0.09488804435900722
889,-1.0422757389429278
890,-0.1461351138415461
891,0.005544539038091267
892,-0.5788431412083996
893,-0.9022675073529438
894,-0.42006883016169194
895,-1.4410338421791589
896,-0.9992615921903083
897,-0.33044872198525477
898,-0.5261408134448957
899,-1.3952389408715113
900,-0.6943049564896668
901,-0.06965201457399806
902,-0.3003249520236304
903,-0.5611284669532763
904,-1.3366562045949069
905,-0.3752059975951101
906,-1.2066960034451955
907,-0.8659419684376084
908,-0.6459457863653699
909,-0.7927291766041911
910,-0.8773111365025832
911,-0.431014377767061
912,-0.8582142371282966
913,-0.7209282574371003
914,-0.34794429831475515
915,-0.2531511816718899
916,-0.5168542147578692
917,-0.3096902058730624
918,-1.1014946287470304
919,-1.1770857699877049
920,-1.0630547266702424
921,-1.268373376989528
922,-0.5119193791740666
923,-0.6174355375894018
924,-1.2949651219347162
925,-0.8096043200144565
926,-0.35378193370232713
927,0.47181448123561787
928,-0.47670449263989445
929,-0.18876182047652934
930,-0.20499957490763498
931,-0.8413847260883041
932,-1.1689905931191817
933,-0.3563521221936883
934,-1.0410842293021836
935,-1.7314534590599462
936,-1.1185962538674348
937,-1.2628871037520637
938,-0.46914694196460194
939,-1.1500469392558577
940,-1.0076338548330503
941,-0.5314739154878714
942,-1.1025449190541214
943,-0.22452068515027346
944,-0.765544884314987
945,-0.26041787056207255
946,-0.29349412312037826
947,0.16853579680641162
948,-0.8136203124904902
949,-0.17850546336676776
950,-0.3423816944262976
951,-0.405711211411117
952,-0.8351897133471848
953,-0.27715880675859106
954,-0.11921562632522886
955,-0.12980426189155958
956,-0.6684508787716887
957,-0.35210261868840087
958,-0.17856139158260675
959,-0.3616513641891186
960,-1.0928765218484329
961,-0.4451419176931801
962,-0.2265593767051235
963,-0.10362029515583737
964,-0.4250847352302849
965,-0.6585429443401405
966,-0.3423294920095392
967,-0.4024181942491529
968,-0.006816512140868092
969,-0.33262284112008045
970,-0.984647463095019
971,-1.2541651521487929
972,-0.4134689257901436
973,-0.28238589986651297
974,-0.7443097111583841
975,-0.5048151709124749
976,-0.7563539822254612
977,-1.3126413192308073
978,-0.41537462298388994
979,-0.8284335044946314
980,-1.1808549509884156
981,-0.9491099006365182
982,-0.5700544471395619
983,-0.04111100762711439
984,-0.8241869019711057
985,-0.845098546785743
986,-0.23072620784221098
987,-0.7211600130016413
988,-0.6234763422543945
989,-0.5185147061091473
990,-0.4311826718187737
991,-0.7681621553892577
992,-0.6878859222273901
993,-1.2767249917221961
994,-1.2534851868374912
995,-0.4645230398165663
996,-0.5448158546747939
997,-0.15463563595337626
998,-0.17071416441714282
999,-1.3978719541303948
1000,-0.2169237671451527
1001,-1.557810904487456
1002,-0.15846326852712966
1003,-0.8310720533637204
1004,-0.43317594917996316
1005,-0.23327317301630268
1006,-1.1961003163568804
1007,-1.2703839095958753
1008,-0.7641182887277946
1009,-1.0556369167669641
1010,-0.42348201460028334
1011,0.07866057699151141
1012,-0.898672820701574
1013,-0.8758168653540166
1014,-0.5791206831288025
1015,-0.5949208177207119
1016,-0.46047875576779496
1017,-0.883369296434311
1018,-0.5364371484533879
1019,-0.7779025268809843
1020,-1.2051065307042748
1021,-0.3681241641157271
1022,-0.4352373542576766
1023,-0.1760546128212992
1024,-1.032355235577798
1025,-0.049554808617787494
1026,-0.5886519006110928
1027,-0.9843817986422876
1028,-0.6630322952318433
1029,-1.0925236031548422
1030,-0.9679000414613292
1031,-0.4143247952270559
1032,-0.4144231191155705
1033,-1.1530077518454682
1034,-1.7782300101127813
1035,0.043572485453660326
1036,-0.7091214661200589
1037,-0.9136884513656076
1038,-0.926864224635007
1039,-1.80952448134442
1040,-1.544636476511447
1041,-0.8736968634994642
1042,-0.47678824439805423
1043,-1.129644036598354
1044,-1.3467893437473524
1045,-1.0932537284162072
1046,-0.9722113747904979
1047,-0.7698844061015437
1048,-0.6596338323626743
1049,0.7092054141707922
1050,-0.8484952442423648
1051,-0.6112051894618313
1052,-0.6341602651539608
1053,-0.1694656184518688
1054,-0.631498735936642
1055,-0.32403247535443436
1056,-1.8255837633341636
1057,-1.0422754670948946
1058,-0.9606054945291103
1059,-1.0081758748447982
1060,-1.4853033821642854
1061,-0.6394322167998638
1062,-1.009072879848631
1063,0.03318943687729625
1064,-1.0738575012227711
1065,-0.3519285072656486
1066,-0.850070775235878
1067,-1.153376218654783
1068,-0.47816117066609864
1069,-1.7608218878074546
1070,-0.6639454984624118
1071,-0.18571657150078447
1072,-1.0590703103180767
1073,-0.3024654141339038
1074,-0.5196091470064985
1075,-0.6707122896200612
1076,-1.071069860552359
1077,-0.4802420026706462
1078,0.09871166193726388
1079,-0.34882715454943414
1080,-1.4830712652567457
1081,-0.4911071419922277
1082,-0.8911113664997292
1083,-1.249040293761714
1084,-0.26174501612919343
1085,-0.29946839947021187
1086,-0.8886483638661482
1087,-0.727768894929353
1088,-0.3209184947825938
1089,-0.7459315717730144
1090,-1.1228575503606915
1091,-0.1405067491628862
1092,-0.24461560508858837
1093,-0.6770126921832531
1094,-1.1141416502050352
1095,-0.7300174632548966
1096,-0.7610612083516952
1097,-0.7274769946492674
1098,-0.6974771181272059
1099,-0.3088701596216641
1100,-0.20611901987391557
1101,-0.20375257612744813
1102,-0.6845351695563082
1103,-0.5796049579830638
1104,-0.8218192674253144
1105,-0.3575943738754077
1106,-0.8606384543046852
1107,-0.7658374316521757
1108,-0.4631981380926926
1109,-0.17873974759276212
1110,-0.7600185553804566
1111,-0.33499078836461016
1112,-0.7229605933416581
1113,-1.5269062678286967
1114,-1.3839132885348415
1115,-1.0449511447197444
1116,-1.1290446801761096
1117,-0.9370541836824327
1118,-2.0208894943301754
1119,-0.9398047954403397
1120,-0.7059879127369979
1121,-1.2603231989500818
1122,-0.5006963191852905
1123,-0.8261648835991298
1124,-0.4375509546974887
1125,-0.7181235051949728
1126,-1.5156665323767298
1127,-0.21383623278680908
1128,-0.8046914895331299
1129,-1.1308440115104585
1130,-0.27599128294501285
1131,-0.45634432926657875
1132,-0.5719076554341034
1133,-0.48061727733268933
1134,-1.1348604336115489
1135,-0.684493622127166
1136,-0.3763491181405616
1137,-0.5082108182038851
1138,-1.219857794121451
1139,-0.7285997273198235
1140,-0.15627116760852533
1141,-0.08730969018957202
1142,-0.6632479999201637
1143,-0.6519216112492594
1144,-0.40577547865981733
1145,-1.122115332406046
1146,-0.9999623913660354
1147,-0.058666707932035544
1148,-0.8509863280151888
1149,-1.2039128025723413
1150,-0.46356057900613346
1151,-0.6239284860360452
1152,-0.6833963149253002
1153,-0.7615564656233533
1154,-1.219492172622163
1155,-0.2436419968530137
1156,-0.007854727280670826
1157,-0.6875187623891132
1158,-0.014872056670680145
1159,0.0798465583870136
1160,-0.994932439666494
1161,-0.5492604803319077
1162,-0.29749306347776283
1163,-0.22342347516726901
1164,-0.3748185736494398
1165,-0.6525426023375935
1166,-0.23418520534708853
1167,0.6460209786729256
1168,-0.7774846734553882
1169,-0.36724504912757094
1170,-0.39861766798824005
1171,-0.7199568889767152
1172,-0.6015880180459399
1173,-0.7339122239177645
1174,-0.7410027388309861
1175,-0.6165135975788442
1176,-0.7303910065982837
1177,-0.632887751298681
1178,-0.138007853236084
1179,-0.7646135667913998
1180,-0.9743786043019225
1181,-0.26016084927215033
1182,-0.5547017776214234
1183,-1.081315439384293
1184,-0.43573727313314325
1185,-0.8150473930116056
1186,-0.2741280636374659
1187,-0.7611195139693767
1188,-0.5380249914814339
1189,-1.842847285021411
1190,-1.0329224708154232
1191,-0.5892389299949952
1192,-0.21365347202299345
1193,0.1752293946195258
1194,-1.3517650943247297
1195,-1.50621152643222
1196,-0.3351405915687855
1197,-1.0586024822537263
1198,-0.23013280891074928
1199,-1.2357570396119386
1200,-0.0009231956318984658
1201,-0.018733766801684038
1202,-0.4910327605778757
1203,-0.12645996511975288
1204,-0.7225887984692978
1205,-0.3094344761895296
1206,-0.5414222789154759
1207,-0.672304025453393
1208,-0.9786826286012562
1209,-0.31255628575633887
1210,-0.6116895823904167
1211,-0.8499043294489597
1212,0.04238771968376254
1213,-0.33558224698271744
1214,-0.7249863975418234
1215,-0.20745762232826914
1216,-0.4700466560095884
1217,-0.8965363777057642
1218,-1.2761648260399703
1219,-0.2905191383645258
1220,-0.6771575548011382
1221,-0.6297677589902977
1222,-1.1387247299645202
1223,-1.021310693936126
1224,-0.754679762634261
1225,-0.5610723139156859
1226,-0.8366192992470944
1227,-0.7232693929548626
1228,-0.5908566626617482
1229,-1.1692184881838925
1230,-1.3081137082794687
1231,-0.4828394536392926
1232,-1.4106190259758908
1233,-0.5425172168853098
1234,-0.2704140570944342
1235,-0.4316426900412411
1236,-0.29905447692057874
1237,-0.9666537805037416
1238,-0.9065724106371784
1239,-0.26025945882984125
1240,-1.7053738893679138
1241,0.13318155566388623
1242,-1.0977458980597374
1243,-0.6884063129070441
1244,-0.7176164117145296
1245,-0.40787831891461934
1246,-0.9472814230811104
1247,-1.5559025366688375
1248,-0.4003050518108646
1249,-1.174496744217493
1250,-0.6426949816949026
1251,-0.6604071793598132
1252,-0.2134291405977491
1253,-0.9787463599046922
1254,-0.7958882575378725
1255,-0.27355636113440784
1256,-0.07371014780425411
1257,-0.7610981160882877
1258,-1.107847807459394
1259,-0.11336915624653598
1260,-0.10664404941529915
1261,-0.8023215413481922
1262,-0.41867240779330683
1263,-0.5750180200108894
1264,-0.011855344191092243
1265,-0.7446915180960207
1266,-0.4533864330388808
1267,-0.2375990237348684
1268,-1.3516860816347314
1269,-0.5353053726710701
1270,0.08375247931829244
1271,-1.1082202151293314
1272,-0.5607137341890442
1273,-0.6315427405325729
1274,-0.7283270262836863
1275,-0.42001341608607023
1276,-0.9906927878677325
1277,-1.0296992095359352
1278,-1.4335605311402537
1279,-0.8012966148953029
1280,-0.6477520125497445
1281,-0.5936452584538443
1282,-1.1320787390230025
1283,-0.24760316188974318
1284,-0.4201154327995784
1285,-1.1186663551275
1286,-1.052351184725611
1287,-1.3733148454066515
1288,0.05093477029632765
1289,-0.7803402595864073
1290,-1.360782384051782
1291,-0.7688543094733773
1292,-0.8735065873738499
1293,-0.8115345492672952
1294,-0.25497553883517243
1295,-0.5681068378984782
1296,-0.9841988010409244
1297,-1.0160116501668335
1298,-0.38474680778477177
1299,-0.18989720694509638
1300,-0.252006572403509
1301,-0.5434372046397562
1302,-0.20714452305704123
1303,-0.2558521925109014
1304,-1.0166735940801568
1305,-0.743831970067518
1306,-0.9452163606786608
1307,0.631034509880092
1308,-0.7944402698145592
1309,-0.9021132273059194
1310,-0.30888195855015965
1311,-1.0084405832182992
1312,-0.24698187969562535
1313,-0.9270767808941389
1314,-0.7358761704841148
1315,-0.7469059283639252
1316,-1.1412642282684904
1317,-0.6964749171559008
1318,-0.32913538386233565
1319,-0.6473046313980098
1320,-0.6085522952473412
1321,-0.30932546179088893
1322,-0.7063725705950996
1323,-0.5930264698422691
1324,-0.4175674273780028
1325,-0.6330826566241756
1326,-0.3541367479295141
1327,-1.0392332681740721
1328,-0.4283571254243814
1329,-0.8038121949384054
1330,-0.4814352401159052
1331,-0.611627416555784
1332,-0.7179856966478311
1333,-1.2201908370626418
1334,-0.3793591324445744
1335,-0.35047287347726375
1336,-0.2979899159034538
1337,-0.3863361431239123
1338,-0.8520715138513841
1339,-0.26801927342161047
1340,-1.3971915500189251
1341,-1.0287821182935053
1342,-0.39200897929902423
1343,-0.2843720198329889
1344,-0.3773778095864304
1345,-1.2176744358828375
1346,-1.3546451336514371
1347,-0.5352282759027083
1348,-0.4478178420188912
1349,-0.6401616422414271
1350,-1.4921217469480705
1351,-0.9221820722632401
1352,-0.3748280294032025
1353,-0.011872682446156801
1354,-0.011144141439607402
1355,-1.0188706970802233
1356,-0.840610433291666
1357,-0.9037434457799434
1358,-0.32468822756799964
1359,-0.23688890986229638
1360,-0.41217982131767306
1361,-0.17223631145109541
1362,0.08890819681625195
1363,-0.4960635236461255
1364,-0.09886717114386179
1365,-0.5711033953381688
1366,-0.17996210070468943
1367,-1.0456901270482128
1368,0.354188969165109
1369,-0.646760812823105
1370,-0.40335486983852986
1371,-0.10465626302273034
1372,-0.7831526315989312
1373,-0.23617671480375013
1374,-0.1936658071617421
1375,-1.2696674757344597
1376,-0.295173501171591
1377,-0.5861086396267068
1378,-0.7604783399087083
1379,-0.43661163459798846
1380,-0.52254600528027
1381,-1.2246863491141278
1382,0.032019584000979595
1383,-1.0291329004816374
1384,-0.6156971905258906
1385,-1.0594632441473442
1386,-0.29053355746986886
1387,-0.7338898908219587
1388,-0.6940250829160346
1389,-0.8590207924140856
1390,-0.14323918536146474
1391,-0.6110407008561456
1392,-0.2933127198270511
1393,-0.2713407373289898
1394,-1.2964661970846636
1395,0.13207859899268737
1396,-0.6218797856560996
1397,-1.2393247866502204
1398,-0.16109802228377368
1399,-1.5857207617730524
1400,-0.803013396131935
1401,-0.6365953349699325
1402,0.21098141529093128
1403,-0.30602764751643763
1404,-0.48899453207689847
1405,-0.31410550962831607
1406,-1.1516986041421764
1407,-0.535847309189442
1408,-1.1963836065872608
1409,-0.16383450814317957
1410,-0.23460080228373403
1411,-0.8412349173659233
1412,-0.738960530958644
1413,-1.1136218337493584
1414,-0.5482678626759716
1415,-0.09040193992772338
1416,-0.27372622946449887
1417,-0.4694810786513286
1418,-0.2574001717328893
1419,-0.09688603725537459
1420,-0.4412802838268204
1421,-0.9857928220828778
1422,-0.7289514876993874
1423,-0.3971974594751231
1424,-0.25088448044982403
1425,0.30630184709530295
1426,-0.3799558394325495
1427,-0.7392497059506427
1428,-0.8310764318511041
1429,-0.21529177418950507
1430,-0.8371784523054202
1431,-0.8108449929616808
1432,-1.5812675698975882
1433,-0.7728797369781626
1434,-0.7738841905564524
1435,-1.1225889249614327
1436,-0.3701102458953538
1437,-0.202484611954874
1438,-0.2700773407503698
1439,-0.2781327346239164
1440,-1.207927401869938
1441,-0.3399053538360519
1442,-0.7889192131168028
1443,-0.6685665155044882
1444,-0.6051184414697783
1445,-1.652800513400696
1446,-1.123280016330767
1447,-0.36017629658396544
1448,-0.6652169411296569
1449,-0.4847438710047747
1450,-1.071051250767443
1451,-1.5153921753150494
1452,-0.8684419367177114
1453,-0.3704535805592406
1454,-1.1473747179723104
1455,-0.4002290479866153
1456,-0.7909811823200308
1457,-0.5058950136177067
1458,0.23580463859690348
1459,-0.7715071797861479
1460,-0.6736468204789796
1461,-0.7458284450890011
1462,-0.3316114074633232
1463,-1.115455205109826
1464,-0.2753683036812522
1465,-1.0740541384373201
1466,-0.24887559772714685
1467,-1.095838439788397
1468,-0.4406553734850607
1469,-0.06480070030838125
1470,-0.18409792389928858
1471,-0.2646814136981266
1472,-0.3817357225682261
1473,-0.11404453353174482
1474,-0.30593918835758593
1475,-0.5278769938089654
1476,-0.33896400030217455
1477,-0.26017732716053077
1478,-0.7597423475871772
1479,-1.2964807153207842
1480,-0.7058523578506455
1481,-0.8571968391476976
1482,-0.4406203764433885
1483,-0.38101977404860365
1484,-0.5735329255087618
1485,-0.5267111449190591
1486,-0.5470449622944584
1487,-0.47728659088329994
1488,-1.0532969327760802
1489,-0.08460435541484923
1490,-1.120184430339565
1491,-0.7953198224218476
1492,-1.07011219401087
1493,-0.8716687830094276
1494,-0.7237662319700333
1495,-0.6283470819390953
1496,-0.7373471348296876
1497,-0.3000254515714258
1498,-0.657943988636456
1499,-0.35288758214463845
1500,-1.244411924104115
1501,-1.1433163421886685
1502,-0.532745867589328
1503,-0.3966300429563332
1504,-1.0583159799717168
1505,-0.571192891681684
1506,-1.0863294065367062
1507,-0.12015924814683943
1508,-0.7832970258995926
1509,-1.2469726197423738
1510,-0.6659370382775882
1511,-0.9858168602463704
1512,-0.2526599701562353
1513,-0.5229141946355629
1514,-0.5762825221310126
1515,-0.9425046933401662
1516,-0.4990477698101876
1517,-0.6154876355466365
1518,-0.8208070919667456
1519,-0.9716531274473608
1520,-0.8059412597165843
1521,-0.6784761482837292
1522,-0.3393735312851147
1523,-1.3554178135324741
1524,-0.7351356904025306
1525,-1.0464795204195987
1526,-0.4957279856729977
1527,-0.5919027323481054
1528,-1.0452883636556367
1529,-0.022625242221986808
1530,-1.2539734232317414
1531,-1.0622780185602991
1532,-1.4829928133993122
1533,-0.6393467058362439
1534,-1.4088078808813016
1535,-0.3709449527439923
1536,-0.7683743734174613
1537,0.07461058300398449
1538,-0.35256972359137584
1539,-0.4793296133932661
1540,-0.3287928636092001
1541,-0.7898805783559675
1542,-1.0214208388897617
1543,-0.28026599688460774
1544,-0.880782797963507
1545,-0.7908825261949595
1546,-0.44028828274445075
1547,-0.15821011089138137
1548,-1.3805838519373843
1549,-0.237213313446067
1550,-0.29661685790750814
1551,-1.0626523236922703
1552,-0.18243690337194707
1553,-0.624000050193934
1554,-0.6318593813999875
1555,-1.2745554067769416
1556,-1.027950322161969
1557,-1.2624176229670379
1558,-0.32589114991795975
1559,-0.4609805731748091
1560,-0.5354531005836698
1561,-0.9789398735062076
1562,-0.23082229315077907
1563,-0.26483648860050124
1564,-1.6465110096413897
1565,-0.6649961300636007
1566,-0.25710211619303625
1567,-0.3897686212437481
1568,-1.446981815865444
1569,-0.2849911779792853
1570,-1.4349955048471863
1571,-0.8752140038412866
1572,-0.8565737732412644
1573,-0.7940589522862123
1574,-0.2533283040509535
1575,-0.4570055758703917
1576,-0.756419349808108
1577,-0.4689648895673604
1578,-0.4582447014768123
1579,-0.4307892615443296
1580,0.14263699450365896
1581,-0.08887951597774246
1582,-0.823186704914425
1583,-0.9432486034590348
1584,-0.6914806619726761
1585,-1.0236633033729854
1586,-1.1282447403595253
1587,0.08473960024029825
1588,-0.47541391512409203
1589,-1.2794186676327062
1590,-0.6031941223858497
1591,-1.3354217548404945
1592,-0.4992951776846992
1593,-0.5970112775752006
1594,-1.0631718588135164
1595,-0.8660303444632329
1596,-0.8290005427880038
1597,-0.8222618266401018
1598,-0.3270388747124975
1599,-0.668450878771689
1600,-0.8938647085234579
1601,-0.3825133165133865
1602,-0.7015730447447655
1603,-1.2054383318652335
1604,-0.0349097516723309
1605,-0.6436581216968171
1606,-0.14764343439603111
1607,-0.3577832344506833
1608,-1.1447172783536217
1609,-0.703268153365495
1610,-1.6348888887573068
1611,-0.177832699130974
1612,-0.03106965006101725
1613,-0.3145858169607192
1614,-0.6886114198883764
1615,-1.2167240513363116
1616,-1.0442554931702666
1617,-1.1202305969113344
1618,-0.7790935031218855
1619,-1.156758018907118
1620,-0.8771507816644348
1621,-0.7967278337316268
1622,-0.2216815746091192
1623,-0.9636372482460716
1624,-0.8070639008935656
1625,-0.3593187583196107
1626,-0.7088872631092653
1627,-0.6782871364574519
1628,-0.7904674982609468
1629,0.315774963108439
1630,-0.7307549572748684
1631,-0.44681735113204724
1632,-0.6575761129024555
1633,-0.5410896456435199
1634,-0.4021351240977733
1635,-0.723746651622208
1636,-0.706143570976856
1637,-0.35240247700625416
1638,-1.5643779480914555
1639,-0.434800428191493
1640,-0.7553672529381303
1641,-0.7784686383224799
1642,-0.6011884418843727
1643,-0.8588179798090518
1644,-0.8053921820601131
1645,-0.8422023301126826
1646,-0.3452364267636683
1647,-0.15283673686840737
1648,-0.6670445013361976
1649,-0.4573573019934929
1650,-0.08590651800737525
1651,-0.4193272373063368
1652,-0.21730998246365285
1653,-0.4937214985453624
1654,-0.7730572222461114
1655,-0.7323839228736451
1656,-0.728118172734006
1657,-0.24942726742209764
1658,-0.45901607950064616
1659,-0.8598937515861962
1660,-0.9936657753697498
1661,-1.2688470291190332
1662,-0.384221723883996
1663,-0.046345926490359624
1664,-0.8142233155813059
1665,-0.4356236093061341
1666,-1.4203148757850437
1667,-0.5830963235621345
1668,-0.6019323957306164
1669,-0.8554898251664196
1670,-0.6245565469391436
1671,-0.42688047681962127
1672,-0.37804632111047365
1673,0.0026967265824819897
1674,-0.7237662319700335
1675,-1.022155115912423
1676,-1.1042496422746773
1677,-1.0954946537297927
1678,-0.8024689326713381
1679,-0.7090328311024432
1680,-0.2992220955390974
1681,-0.4662791382230569
1682,-0.5957681383764104
1683,-0.4130638425073436
1684,-1.0338176160932278
1685,-0.6747753477269562
1686,-1.9251491281077961
1687,-1.2338371572807714
1688,-0.3434343378269191
1689,-1.0029853427791375
1690,-0.47126664397963913
1691,-0.0647053026840092
1692,-1.1875699067686245
1693,-1.270404514586808
1694,-0.6792793742912617
1695,-0.6964791457018398
1696,-0.2009934293893516
1697,-0.7785066720693117
1698,-0.11340595873634784
1699,-0.6758502809041844
1700,-0.804613169813345
1701,-1.0904215263912835
1702,-1.5483485679720446
1703,-0.356854099913938
1704,-0.7627775373128776
1705,-0.9889195820316801
1706,-0.8653053306112626
1707,-0.3166230625430486
1708,-0.3765997646437258
1709,-0.2808552589815032
1710,-0.5099188001622328
1711,-0.7744506636314952
1712,-0.6456454822153699
1713,-1.0014721394941044
1714,-1.0017809562317028
1715,-0.6655370852679652
1716,-0.7962367772718524
1717,-0.9031782154844219
1718,-1.183501370997439
1719,-1.1215029422585996
1720,-0.5796756767578972
1721,-0.3730877682436695
1722,-0.5985591903527023
1723,-0.7653590532652124
1724,-1.2019844348911903
1725,-0.8360309176292462
1726,-1.2243235761491598
1727,-1.0551831549430988
1728,-0.6657756585189039
1729,-0.9776414858593458
1730,0.11267114036704462
1731,-1.5492945984307904
1732,-0.1765292872370896
1733,-1.4523625394640742
1734,-0.306567699770977
1735,-1.069040275160405
1736,-0.32419796681218127
1737,-0.631315098208395
1738,-1.9619130195478434
1739,-1.4684882181813887
1740,-0.6420970863669258
1741,-0.336966948639422
1742,-0.5105746554616843
1743,-0.2680739566090464
1744,-0.20822974104116865
1745,-0.43551818913229656
1746,-0.23489430797613475
1747,-1.5204383417202716
1748,-0.3693681470000809
1749,-1.0079460154610214
1750,-0.35143093162963934
1751,-0.3847710034429932
1752,-0.37974486067856494
1753,-1.0204009503602975
1754,-1.0077372576009123
1755,-0.5147339271637326
1756,-0.10565132677927513
1757,-0.6800166898052482
1758,-0.34157663284487416
1759,-0.36610556232211033
1760,-0.30206519254854136
1761,-0.9263923668242393
1762,-0.5568176589183917
1763,-1.0533602010713188
1764,-0.6422710204691997
1765,-0.734747215321619
1766,-1.5132030068057603
1767,-1.0013575423973209
1768,-0.9822416204005862
1769,-0.46639139463516077
1770,-0.7695459035900902
1771,-1.24767094610149
1772,-0.3433959263548556
1773,-0.8659390897620476
1774,0.17034507849255953
1775,-0.753288234087854
1776,-0.6310057333651211
1777,-0.9662408769798472
1778,-0.7487633136153873
1779,-0.4453651080575347
1780,-1.8041307367327017
1781,-0.9748905280351332
1782,-0.47793183531107575
1783,-1.3167919866613604
1784,-0.020496044481377096
1785,-0.7549049737836078
1786,-1.250836131122821
1787,-0.9410011337817226
1788,-0.7906320882678399
1789,-0.6839704932756656
1790,-1.0302923967336495
1791,-0.4358806410567295
1792,-1.077917233797125
1793,-0.9194531944916757
1794,-0.15977801890185717
1795,-0.8782416582101562
1796,-1.0551762529111248
1797,-1.2947399255852514
1798,-0.15006629929643944
1799,-0.36473502633900723
1800,-0.22291252997894073
1801,-0.6364238166551075
1802,-0.8142381951555691
1803,-0.38203879398185947
1804,-0.6256879552428689
1805,-0.6753022131717632
1806,-0.8918719420216925
1807,-0.543407539604329
1808,-0.40475090667742863
1809,-1.2897128233871062
1810,-0.6330785107677519
1811,-0.511376310907838
1812,-0.74673539327901
1813,-0.8576499598371092
1814,-0.18678372374446806
1815,-0.28624050212836516
1816,-0.6003440421534343
1817,-0.7932266448179908
1818,-0.630252837278575
1819,-0.3040346241115075
1820,-0.9267458929561898
1821,-0.7019805573889384
1822,-0.26531843946460687
1823,-0.2818029985862587
1824,-1.196907349321014
1825,-1.3993760493190415
1826,-0.02880938830220492
1827,-0.6767262643267746
1828,0.20866454447316385
1829,-0.1705170579712021
1830,-1.6390688323154137
1831,0.013995557337397324
1832,-0.6021584384899339
1833,-0.3828234947886979
1834,-0.3345503815713946
1835,-0.7866222958772044
1836,-0.19336977249547527
1837,-0.4384426389721878
1838,-0.33827373600145183
1839,-1.000603009369734
1840,-1.0707913948755037
1841,-0.7861389164141022
1842,-0.6270566661107055
1843,-0.575085080993512
1844,-0.8368501104954384
1845,-0.9890370896958371
1846,-0.6546456518144959
1847,-0.3396684019760938
1848,-0.23541313771974304
1849,-0.48377934846192083
1850,-1.187504053303653
1851,-0.09725406738598075
1852,-1.0688828381953395
1853,-1.5070612402541443
1854,-0.6864916192648627
1855,-0.7341893613543844
1856,-0.3602067317160018
1857,-0.5942287008641116
1858,-0.5923935244993532
1859,-0.28663951376503993
1860,-0.38575399992647075
1861,-0.3400909176787641
1862,-0.8241280303174643
1863,-0.5550462074072018
1864,-0.7588498628775056
1865,-0.2639518252400599
1866,-0.6353484155842157
1867,-0.741823154533781
1868,-0.655448158328954
1869,-0.34370718728159666
1870,-0.6424017068220826
1871,-0.7368280512703529
1872,-0.5150181144944583
1873,-0.8033726653964537
1874,-0.27305658334605964
1875,-1.0052663897841068
1876,-1.0630738180437653
1877,-0.5985025862861613
1878,-0.7283270262836863
1879,-0.44026291611930235
1880,-0.17393961108041767
1881,-0.6921350350277833
1882,-0.519207992020057
1883,-0.46525012379483877
1884,-0.6104182348754736
1885,-0.7104008606021246
1886,-0.7092617150345126
1887,-0.7543114104694921
1888,-0.6779413530489302
1889,-0.10783369143091526
1890,-0.7914035151274312
1891,-0.7169296602651096
1892,-1.4058656168790782
1893,-1.656192670476235
1894,-0.6908225079250228
1895,-1.332726895836644
1896,-0.7380843361450813
1897,-0.8228104823654998
1898,-0.9629110623636601
1899,-1.2343044575242894
1900,-0.37311076750468075
1901,-0.28118470833848486
1902,-0.39376865666966454
1903,-0.5044576883453833
1904,-0.1504754471837566
1905,0.025364086908281402
1906,-0.6683748153713962
1907,-0.998157382969387
1908,-1.1694904097419565
1909,-1.035383276516595
1910,-0.4457373435608962
1911,-1.005982787665267
1912,-0.5427334835483357
1913,-0.5992701103643903
1914,-0.6537696857881841
1915,-0.6342171698520103
1916,-0.1355359872590065
1917,-1.178935237881117
1918,-1.422387505686577
1919,-0.27582753296008633
1920,-0.9673964282291361
1921,-0.5079626805521842
1922,-0.3944303348696825
1923,-0.7582229123311324
1924,-0.7553659309186851
1925,-0.3839353224330089
1926,-1.1336143161895664
1927,-0.08975430963685205
1928,-1.4726126102135364
1929,-0.6300693311028582
1930,-0.4066567255190221
1931,-0.514905947907262
1932,-0.8140569191997904
1933,-0.9494993140988435
1934,0.25772487147028844
1935,-0.5323980313992296
1936,-0.8057236306706197
1937,-0.14566684581471168
1938,-1.022306014222254
1939,-0.347578520190273
1940,-0.566783170768163
1941,-0.47188573546548085
1942,-0.37461771157774115
1943,-0.45289308282574803
1944,-0.7826922492276842
1945,-0.6163949373614983
1946,-1.7850828638840441
1947,-0.5777409063056087
1948,0.006852870948844014
1949,-0.4614190272934948
1950,-0.06680967103443192
1951,-0.7431823716742998
1952,-0.9942209064119247
1953,-0.4505808165647798
1954,-0.4961341623695015
1955,-1.3405621763720206
1956,-0.5034198001247772
1957,-0.7363422823392582
1958,-0.05241492758616184
1959,-0.48804907973912637
1960,-0.4649932619645607
1961,-1.6887330502440951
1962,-0.7897071325054492
1963,-1.0440851304416001
1964,-0.33166370740372786
1965,-1.0007529539895308
1966,-0.5929609648104561
1967,-1.3850364802688115
1968,0.15573628773393677
1969,-0.4878598013863009
1970,-1.043179344922505
1971,-0.414503944789681
1972,-0.7131515026314612
1973,-1.0753958836293622
1974,-0.5085420456751524
1975,-1.037896771424328
1976,-0.5401595892180193
1977,-0.6908152295578114
1978,0.038441968248507985
1979,-0.39289928604626345
1980,-0.4841321149935647
1981,-1.1535491072152586
1982,-0.8401104419664329
1983,-0.07889938005576602
1984,-0.9993629675623743
1985,-0.78260293217923
1986,-0.0886475709892025
1987,-0.5657861108627531
1988,-0.460324288820972
1989,-0.8277683913194458
1990,-0.4774508700954323
1991,-0.7411707636367151
1992,-1.5012739605631598
1993,-0.8297591501825439
1994,-1.0973977636649526
1995,-0.46057614850152584
1996,-0.4684617140871743
1997,-0.7188988274191961
1998,-1.083519850463961
1999,0.1941133241932851
2000,-0.34296118819084476
2001,-0.6594503530252642
2002,-0.75456730395062
2003,-0.8772750339102262
2004,-0.7968411318436694
2005,-0.7213131842877423
2006,-0.7526370716570594
2007,-0.536714362035672
2008,-0.7360467919208957
2009,-0.7444343372480198
2010,-0.5946362101952509
2011,-0.6993016500089708
2012,-0.1609287122334193
2013,-0.8384295796182952
2014,-0.5841345634352386
2015,-0.3352731607866044
2016,-0.6766840358902733
2017,-1.150855660956837
2018,-0.8362278816594673
2019,-1.0014494731309727
2020,-0.12947820390959608
2021,-0.5924638310464161
2022,-0.5105105595880697
2023,-1.2631725043646274
2024,-0.8207818348043421
2025,-0.2553555620183787
2026,-1.2485184875695454
2027,-0.5045374703948973
2028,-1.083277858751336
2029,-0.40312392804151487
2030,-0.6237069641275641
2031,-0.5023221846121002
2032,-1.2271705549506207
2033,-0.015070913644784412
2034,-0.7560461329782029
2035,-0.9032570016333419
2036,-1.1811906365981577
2037,-0.9214512771053875
2038,-0.774208392343873
2039,-0.3495548997219071
2040,-0.034820583358652124
2041,-0.5489666833689668
2042,-1.2057665422846786
2043,-0.7300631932212625
2044,-1.3054706345462987
2045,-0.2676172368452434
2046,-0.8517305488993772
2047,-0.7016207774258048
2048,-0.348450911578456
2049,-0.022424975219665022
2050,-1.1210605157172489
2051,-1.0467060191321877
2052,-0.655910667870006
2053,-0.6690233324586696
2054,-1.2436378115396038
2055,-0.3537404505811592
2056,-0.7200958676204401
2057,-0.5164022116946794
2058,-1.283326089960427
2059,-0.666846066538608
2060,-1.0273723499251686
2061,-0.5617067412066312
2062,-0.3985334513128449
2063,-0.7946497136245303
2064,-0.976370044225938
2065,-0.2436281928495656
2066,-0.78813701580235
2067,-0.39348278727439023
2068,-0.027679341059921647
2069,-0.2718714841972161
2070,-0.38525110698366327
2071,-1.1647922354959117
2072,-0.7666480243561875
2073,-0.3078707872555706
2074,-1.0340854742822807
2075,-1.4677699766480343
2076,-1.278175400519077
2077,-0.36857343615281124
2078,-0.2796534500387926
2079,-0.4312805705785392
2080,-0.7153124303706724
2081,-0.7739112107797088
2082,-0.9609116545081919
2083,-1.1985170254515805
2084,-0.2580006365593537
2085,-0.16499952894870784
2086,-1.3398753646591968
2087,-0.6137852550211025
2088,-0.8037875501964926
2089,-0.6488005652154798
2090,-0.2356585789037462
2091,-0.7887578821634214
2092,-0.6181491254425904
2093,-0.770967346517982
2094,-0.8901831062559513
2095,-1.073614185414147
2096,-0.610307922000981
2097,-0.9848645267932912
2098,-1.250998433841519
2099,-0.3178250516057639
2100,-0.6234915037410584
2101,-0.2217044980613374
2102,-0.20398099485721932
2103,-0.7491132684394468
2104,-0.2691180110731177
2105,-0.6278360805263772
2106,-0.6335434666400532
2107,-0.7615487274306376
2108,-0.581606786255938
2109,-0.8184895780560346
2110,-0.9761846219655257
2111,-0.6823665105817898
2112,-0.30381025730743705
2113,-0.4577340977072153
2114,-0.16519307556345986
2115,-0.832882143957363
2116,-0.3483961950138452
2117,-0.597215563859171
2118,-1.2248219002629872
2119,-0.7013593893115337
2120,-0.35447085671959666
2121,-0.3139953956528667
2122,-0.7176294799661538
2123,-0.35147363091838413
2124,-0.26132802682253686
2125,0.05892204389538325
2126,-0.7065509789731772
2127,-0.6854565780706441
2128,-1.1557588337518867
2129,-0.3573132152292766
2130,-1.2430695872402953
2131,-0.38248870354323494
2132,-0.8109482000313415
2133,-0.7602073605986872
2134,-0.8403030129722766
2135,-0.39642022568588775
2136,-0.7034513250520633
2137,-0.04416609038638741
2138,-0.8998866792945908
2139,-0.6428028800285683
2140,-0.656042174811241
2141,-0.651793291757063
2142,-0.9938965848045036
2143,-0.5301014062863638
2144,-0.3943769312027632
2145,-1.0137385021213046
2146,-0.10604316187776863
2147,-0.9417666699361069
2148,-1.1113329169961612
2149,-1.05096044423742
2150,-0.7826632421810777
2151,-0.7767155436597892
2152,-0.2840273975133012
2153,-0.1713397302035864
2154,-0.3674262306696341
2155,-0.8994833789583978
2156,-0.5097703552855672
2157,-1.04984522414268
2158,-1.1856579965354483
2159,-0.6147440066995231
2160,-0.050631955569739207
2161,-0.7310208529888036
2162,-0.17355257967651982
2163,-0.7869752116062774
2164,-0.3593466359229467
2165,-0.2844098053837074
2166,-1.4649794377156997
2167,-0.06794201851510939
2168,-1.6728005395535888
2169,-0.7127851621735304
2170,-0.6225627412611328
2171,-0.7879473543421724
2172,-0.6124919985830162
2173,-0.2048651631916225
2174,-0.5600892908290347
2175,-0.7894879802263892
2176,-0.8423339349564483
2177,-0.2780722803549518
2178,-0.4257304135529556
2179,-0.48395755072735946
2180,-0.5619732803238433
2181,-1.3665279978246754
2182,-1.096920950558776
2183,-1.1140258355635402
2184,-0.34120766846648687
2185,-1.0446268590415635
2186,-0.8261775323048766
2187,-0.6816111584440081
2188,-0.3642531128772313
2189,-0.8574866311493841
2190,-0.5092347527280086
2191,-0.28404235692179647
2192,-0.9187222661605028
2193,-1.6001635208133633
2194,-0.7395907287651369
2195,-0.734973539461441
2196,-0.975525342847358
2197,-0.7261286187534683
2198,-0.5535446119663412
2199,-0.39931035780476076
2200,-1.1233350243113314
2201,-0.7025530168496401
2202,0.030126268106078102
2203,-0.7073282903085727
2204,-0.44365196016095076
2205,-0.3643672580707369
2206,-0.8384006794714813
2207,-0.10826659285501927
2208,-0.3327582325533047
2209,-0.4253844968227978
2210,-0.9865574139179851
2211,-0.32707209265931914
2212,-1.1444863881335214
2213,-0.3898938582970066
2214,-0.8113074134210174
2215,-0.2955290209077943
2216,-0.412575952152028
2217,-1.4035545055574752
2218,-0.42957727418728453
2219,-1.2567227996344215
2220,-1.1929471302905656
2221,-0.6586024819548522
2222,-0.5918702949104626
2223,-1.8787391600339394
2224,-0.4148816450854842
2225,-0.33768910088525095
2226,0.03791980635015646
2227,-1.0439521436327417
2228,-0.02854569967915066
2229,-0.37151075205711415
2230,-0.6103732485882931
2231,-1.0393639315010832
2232,-0.5726629730562816
2233,-0.9540803153434356
2234,-0.7273657085351624
2235,-1.4482755924018686
2236,-0.27081515064532313
2237,-0.22849893962206025
2238,-1.7936113079933709
2239,-0.8798578288652261
2240,-0.7072177720166484
2241,-0.3177524146999757
2242,-0.35588550733168267
2243,-0.7836953909595421
2244,-1.669419948435899
2245,-0.26549650529977287
2246,-0.6731988352523575
2247,-0.8201738679946118
2248,-0.06658431032484313
2249,-0.3526933180904326
2250,-1.485443774784735
2251,-0.5578897586874261
2252,-1.1073167655866272
2253,-0.32978706796327684
2254,-0.3446860700335388
2255,-0.26839771333582463
2256,-1.168656551229169
2257,-0.03976322897085405
2258,-0.7357051419654845
2259,-0.26534982657207573
2260,0.15305354487250544
2261,-0.7367703986916723
2262,-0.8247898558784656
2263,-0.14851357112599528
2264,-0.6552957678313556
2265,-0.9920058660749151
2266,-0.9697187103388301
2267,-1.1483339593469133
2268,-0.7972331414940297
2269,-0.6272362112697389
2270,-0.6757611826674474
2271,-0.43907023395251343
2272,-0.4887752987302618
2273,-1.087505185702713
2274,-0.8009741097886496
2275,-0.8182802196242587
2276,-0.7863194894476933
2277,-0.8856700784791716
2278,-0.17859256415598357
2279,-0.3068111287831101
2280,-0.6960352943995309
2281,-0.3606789710945142
2282,0.24996917102231142
2283,-0.3515075308153581
2284,-0.4343037390379696
2285,-0.939571273313226
2286,-0.2913543667980356
2287,-0.5692406528057865
2288,-0.5338076125255204
2289,-1.2317857269244616
2290,-0.09076682811177039
2291,-0.24322581133318644
2292,-0.5977683038222956
2293,-0.5878944027979276
2294,-1.0711016766582215
2295,-0.25949009387367283
2296,0.023308346774841837
2297,-0.6431281751945344
2298,-0.15415882982502982
2299,-0.707072520771868
2300,-0.5824910619004875
2301,-0.2563903327358594
2302,-1.063643116723904
2303,-0.5248347794374124
2304,-0.24605564791132895
2305,-0.42176215293750396
2306,-0.588454455209938
2307,-0.07545348548351738
2308,-0.3114517267752066
2309,-0.9503921726452191
2310,-0.25923677610229445
2311,-1.3721482723412834
2312,-0.5906348311273479
2313,-0.6677667896308228
2314,-0.5258911807306283
2315,0.12018057891871625
2316,-0.9960243164911464
2317,-1.4432099962237717
2318,-0.8393036953280677
2319,-0.5536084645286699
2320,-0.9206630781694758
2321,-1.4935446420760419
2322,-0.19431796383040845
2323,-1.91209109702795
2324,-0.5708279341283853
2325,-1.221728244037237
2326,-0.27865854539447854
2327,-0.4079366352366045
2328,-1.398490366883918
2329,-0.8326331435885979
2330,-0.5637532325580137
2331,-0.13386897585266544
2332,-0.7884071971814521
2333,-0.6473459273423596
2334,-0.5566893076702142
2335,-0.3092714642824981
2336,-0.5741382192876738
2337,-0.6666197083798222
2338,0.15357705433928182
2339,-0.5891874629920268
2340,-0.019428015562447776
2341,0.09604166991272356
2342,-0.7329604597261996
2343,-0.6842409301496986
2344,-0.23976106252710094
2345,-1.0533069736994527
2346,-1.536164068482527
2347,-1.0996715588895645
2348,-0.008585239490062957
2349,-1.0012167921118698
2350,-0.4367796386182916
2351,-0.9766382598489023
2352,-0.6064871695100331
2353,-1.204936830372188
2354,-0.40773873440316155
2355,-0.753389640914305
2356,-0.5958552807644488
2357,-1.154154789168466
2358,-0.11109394475253453
2359,-1.2909067489892012
2360,-0.4625567936634609
2361,-0.7377513983243953
2362,-0.3983543087570185
2363,-0.6094119043578954
2364,-1.5266631597372604
2365,-0.5745770835337245
2366,-0.6320945741872002
2367,-0.44482925833811615
2368,-0.5999572105881965
2369,-0.430401631560446
2370,-0.18018647306947932
2371,-1.0656280060210128
2372,-0.38742682971048614
2373,-1.0993288257023317
2374,-0.5666542187857115
2375,-0.7737076168112336
2376,-0.29873701537590525
2377,-0.6389295639210324
2378,-0.6245827721848314
2379,-0.14903832289210106
2380,-0.5337292497986419
2381,-0.5242857407631027
2382,-1.262785965368254
2383,-1.3691598063273605
2384,-0.8834656249436221
2385,-0.9929520352045036
2386,-0.9525454064565184
2387,-0.27709647645001434
2388,-0.5765540314019304
2389,-0.9035029839838669
2390,-1.5651485850742386
2391,-1.0458061464618391
2392,-0.3674501783321926
2393,-0.43106311902931904
2394,-0.7173238134495816
2395,-0.6962213460222626
2396,-0.6657136101970993
2397,-1.2726223469135383
2398,-0.23680688859628862
2399,-0.9555725517098106
2400,-0.24415561510445638
2401,-0.08858339364747891
2402,-0.3470739049632119
2403,-0.2322532041699823
2404,-0.5872520751719752
2405,-0.9431843130526902
2406,-0.5474708198217193
2407,-0.13459170631797512
2408,-0.3992653656962739
2409,-0.8788156800730744
2410,-0.10341642607586787
2411,-0.5116925846261164
2412,-0.7687234270810688
2413,-1.7458181791013374
2414,-0.46030661028565145
2415,-0.27459803664165294
2416,-0.9824458778182505
2417,-0.7253527149817995
2418,-1.0966969201571897
2419,-0.3949676444630503
2420,-0.5369414162974482
2421,-0.3239488528260801
2422,-0.4622495762547092
2423,-0.20554875638247383
2424,-0.20854758286793396
2425,-1.0285214395079136
2426,-0.7509933348574092
2427,-1.1159298692833968
2428,-0.7825842052090783
2429,-0.4545530575233112
2430,-0.8040836641072819
2431,-1.8120703414828867
2432,-1.0407812339463527
2433,-0.5074571917877937
2434,-0.12536069361349345
2435,-0.3894675367411766
2436,-0.8192334815040119
2437,-0.23793635369310406
2438,-0.2367272533504856
2439,-0.6053014699130457
2440,-0.688553118732135
2441,-0.9706473950729753
2442,-0.11365470382456522
2443,-0.792113393775496
2444,-0.76189923731252
2445,-0.9399686784825443
2446,-1.1150664518660103
2447,-0.6343736362111374
2448,-0.8968126094205391
2449,-0.9876879591989245
2450,-0.6813350841332824
2451,-0.6106930006599169
2452,-1.0119242861331896
2453,-0.3042154386415339
2454,-0.2534089861074347
2455,-1.1855215336717482
2456,-0.053847327059511896
2457,-0.7838299733502421
2458,-0.716990619481118
2459,-0.692174827753715
2460,-0.9162343053824911
2461,-0.1315073046026929
2462,-0.5483523098021401
2463,-1.1097195189121396
2464,-0.002186469399289681
2465,-1.7458523760655806
2466,-0.8233744966193877
2467,-1.1491478721406048
2468,-0.3287288572909066
2469,-0.9066090192171345
2470,-0.6616063259369938
2471,-1.07252559932353
2472,-1.158909486119374
2473,-0.7905403441406929
2474,-0.7966098039702905
2475,-1.0917137187264054
2476,-0.6877795458559186
2477,-0.824960996920034
2478,-0.6514376061302509
2479,0.006535978931395459
2480,-1.0062519907854766
2481,-0.26621583473866406
2482,-1.599174257724955
2483,-0.33140247932182954
2484,-0.3425143161265698
2485,-0.7791250331960695
2486,-0.6983423835524425
2487,-0.9936897404268268
2488,-0.8033514393586265
2489,-1.366452684242644
2490,-0.590850055561378
2491,-0.8120799953500328
2492,-1.3944817163064245
2493,-0.6812141290421025
2494,-1.0618051560256956
2495,-0.0034853534153005405
2496,-1.2393758748786778
2497,-0.9395791803288871
2498,-0.0653882037157627
2499,-0.7569541131161981
2500,-0.15331821806499724
2501,-0.6810743300277835
2502,-1.0384073574967763
2503,-0.9423010353320715
2504,-0.4892128619398737
2505,-0.9507424653054626
2506,-0.5437160001569765
2507,-0.13136599498195967
2508,-0.7514208218012197
2509,-0.6183777168548905
2510,0.027225746745832113
2511,-0.3839220919675177
2512,-1.1695664778130035
2513,-0.6554031579871624
2514,-0.20767774517145288
2515,-0.3144550981137646
2516,-0.8158920114421968
2517,-0.5099073936178087
2518,-1.3680069402945645
2519,-0.5735087217186234
2520,-1.242083506073202
2521,-0.7730004090106755
2522,-0.990310171057093
2523,-0.6676588030110486
2524,-0.9106294458807125
2525,-0.9664192875353033
2526,-0.3837569884924594
2527,-0.44848493726305527
2528,-0.7376933698258914
2529,-0.7427772103816686
2530,-0.30402428599448017
2531,-1.099827836605559
2532,-0.3800558017516886
2533,-0.27342174043434464
2534,-1.1953450797538072
2535,-0.08307682324816223
2536,-1.0375237266682156
2537,-1.1823921301938538
2538,-0.2201698585841565
2539,-0.9888563705988307
2540,-0.30495673032335
2541,-0.8576950795365521
2542,-0.3077490920159096
2543,-0.6031347568967442
2544,-0.6841266204750847
2545,-1.5147777391910922
2546,-0.7080312833653644
2547,-0.18688374844003497
2548,-0.5428178381189883
2549,-0.5789825899945193
2550,-0.4483799579481018
2551,-0.41865834277203895
2552,-0.40567352387093614
2553,-0.5402338242815488
2554,-1.1763293561395438
2555,0.18334104045512212
2556,-1.4820271899769255
2557,-0.5527486097273422
2558,-1.2306112397163003
2559,-0.4988663325879996
2560,-0.13736192440569095
2561,-0.5400924595359409
2562,-0.5726569714531484
2563,-0.010313232718502707
2564,-0.24724927951742082
2565,-0.494720186497311
2566,-0.6513696252675667
2567,-0.26813694336126237
2568,-0.3276432691404194
2569,-0.01673593943469398
2570,-1.110581181406896
2571,-1.1299352435283714
2572,-0.460041500344887
2573,-0.6443137613138434
2574,-1.0423482887779625
2575,-0.8953834653550612
2576,-0.20090933790399035
2577,-1.2349819321314213
2578,-0.6159975039646195
2579,-0.565780793218642
2580,-0.7329437844476028
2581,-0.4949939656056481
2582,-0.1391954298413458
2583,-0.0015916341085089325
2584,-1.0805455229457577
2585,-0.5941865132816022
2586,-0.5747268523500069
2587,-0.4240381642741786
2588,-1.0700172002739339
2589,-0.6020025449848643
2590,-0.841750143560897
2591,-0.7086764447930949
2592,0.19703973655857254
2593,-0.6630322952318433
2594,-0.8236830169316705
2595,0.0011356627436935884
2596,-0.6505508881998072
2597,-0.8252375251139483
2598,-0.805717719831957
2599,-0.8389670434551135
2600,-0.5522538894436035
2601,-0.7277695510404376
2602,-0.28054481593157465
2603,-0.3175938718534963
2604,-0.174197656094647
2605,-1.2379796563156238
2606,-0.5861054429674364
2607,-1.1030875232742066
2608,-1.2026017943287755
2609,-0.527092122692006
2610,-0.3745982316662251
2611,-0.4452603774957353
2612,-0.2834095454685417
2613,-0.7994442281759127
2614,-0.7696850446637769
2615,-0.2885601776982396
2616,-0.6118443870643937
2617,-0.09488804435900722
2618,-0.4895559840023118
2619,-0.852994942855323
2620,-0.7925817035245646
2621,-0.7047229382770022
2622,-0.7979158736518286
2623,-0.14123885376018408
2624,-0.921100660991687
2625,-0.3039979726379294
2626,-1.1779225921774072
2627,0.0201796204898117
2628,-1.5736964786562326
2629,-0.6857404247248922
2630,-0.9895974144369739
2631,-1.2077468520527908
2632,-0.4324745903090277
2633,-0.5805012570343762
2634,-0.7551982185885038
2635,-0.7501329355460973
2636,-0.7565114549175047
2637,-1.4923234903660196
2638,-1.4163868075157646
2639,-0.3728523741257468
2640,-0.3048969982314411
2641,-0.9699977985205068
2642,-0.5266056320204044
2643,-0.7095844060235892
2644,0.24659537015390176
2645,-0.6849774337080929
2646,-0.6138185854694891
2647,-0.681894512174956
2648,-1.0597006457063296
2649,0.059073126041855994
2650,-1.1742429880012062
2651,-0.9053430360436701
2652,-1.0134869060692195
2653,-0.3526617066015718
2654,-0.7349060987108067
2655,-1.1268231429223732
2656,-1.1473008972387824
2657,-0.050772510321411835
2658,-0.29068052463805616
2659,-1.0488242990218901
2660,-0.6346646331580019
2661,-0.48886362054387034
2662,-0.8131885975001869
2663,-1.5223170314449725
2664,-0.34926626061715904
2665,-0.5554034203354907
2666,-0.6493847643494981
2667,-0.524577349786528
2668,-0.727634543026376
2669,-0.8866600942338416
2670,0.04728841401289974
2671,-0.12881865661375125
2672,-0.8026492621385586
2673,-0.052834747553754946
2674,-0.900008698568205
2675,-0.7772912025060172
2676,-1.036621890922933
2677,-0.8993720489986765
2678,-0.9986137611064336
2679,-1.3782671430235358
2680,-0.8710510147188557
2681,-0.13416571268258903
2682,-0.3214582309070835
2683,-0.9174917302018228
2684,-0.7115113638653165
2685,-0.5022045780935933
2686,-0.31085918756955166
2687,-0.30879340885806306
2688,-0.7327446879820596
2689,-0.9068736056912452
2690,-0.20708820922717264
2691,-0.08320404768222467
2692,-0.5091144900052198
2693,-1.240593395708214
2694,-0.7797608727905398
2695,-0.7655161771555548
2696,-0.24347466956862984
2697,-0.005036292068732795
2698,-1.311570427785242
2699,-0.8123679132555608
2700,-0.7030608797484268
2701,-0.6158070545785728
2702,-0.5507655939527469
2703,-1.1722097953424915
2704,-0.5536818312261107
2705,-0.9210564792543485
2706,-0.7991214810753839
2707,-1.0535965486729353
2708,-0.8225953896621363
2709,-0.6601732247731573
2710,-0.3708837993858436
2711,-0.22701296912839553
2712,-0.392980664432923
2713,-0.8097721243734908
2714,-1.1339893492545334
2715,-0.44703150188820406
2716,-1.1201756676595165
2717,-0.607602626546532
2718,-1.1744528785656783
2719,-0.030816516943474426
2720,-1.250405946285443
2721,-0.8217777754816322
2722,-0.9516799982355635
2723,0.1842212160410952
2724,-0.33981465361912244
2725,-0.7522723017193234
2726,-0.8281405297021636
2727,-0.6204501713953734
2728,-1.1024512245314702
2729,-0.7337862729614122
2730,-0.8900504527405133
2731,-0.6883220867119175
2732,-0.8591240002021436
2733,-1.1986862961183673
2734,-0.08898080307692657
2735,-1.3663249638280175
2736,-0.8322920793734374
2737,-1.1528343844735802
2738,-0.7418663854794918
2739,-0.6738978111246907
2740,-1.3565145308264297
2741,-0.41187175922610075
2742,-1.246614806133366
2743,-0.49521739193934033
2744,-0.6123209669635674
2745,-0.20817532501020786
2746,-0.4079028893379171
2747,-0.6435265005797848
2748,-0.2243534947225747
2749,-1.6607138067225597
2750,-1.3237883979811758
2751,-0.4788505628961994
2752,-0.3261150654144187
2753,-0.43372906840495973
2754,-1.1784263743357193
2755,-0.7140968160897709
2756,-0.759459641736522
2757,-0.6311489978540064
2758,-1.4039254276622788
2759,-0.9879047211821774
2760,-0.7412752182167344
2761,-0.26191654404674525
2762,-0.4695823831488697
2763,-1.3412069995939293
2764,-0.7521138286748863
2765,-0.19217085285380642
2766,0.09627940793615641
2767,-0.5909113317595365
2768,-0.3052222887164615
2769,-0.47864177376899875
2770,-0.19010090469340324
2771,-1.07799200396797
2772,-0.408011889885175
2773,-0.4843073884035507
2774,-1.24246170008043
2775,-0.11082257144880403
2776,-0.5215654402380889
2777,-0.6818291662637175
2778,-0.5945489204471595
2779,-0.561444148167094
2780,-0.10141269709086487
2781,-0.4719415998467653
2782,-0.5503329830577857
2783,-0.7653969167941521
2784,-0.9094580704236714
2785,-1.464142990920407
2786,-1.2665049278291984
2787,-0.31545565057518865
2788,-0.6456707469665326
2789,-1.2391117396998819
2790,0.13134004118804143
2791,-0.39108132916923743
2792,-0.27879771257082897
2793,-0.9849980209098148
2794,-0.5544853227029831
2795,-0.7247158314161708
2796,-0.6388366222772062
2797,-0.7527176975597758
2798,-1.5289243601810745
2799,-0.784136498670541
2800,-1.3557049335413935
2801,-0.7533911073108275
2802,-0.5894341282960562
2803,-0.762294000161325
2804,-0.45916614817085555
2805,-0.28146714074646884
2806,-1.08798777305701
2807,-0.6036445775944608
2808,-0.6795289284626438
2809,-0.6140682387666585
2810,-0.48864022605087065
2811,-0.7848825027824633
2812,-0.6258885421036098
2813,-1.303278147716036
2814,-0.5308867908879855
2815,-0.6892450915549617
2816,-0.26218118435294135
2817,-0.7037772466719678
2818,-0.5777462285111366
2819,-1.6620992447697835
2820,-0.8504062656011646
2821,0.23904503927423826
2822,-0.6973724380059496
2823,-0.3816500369727114
2824,-0.7758408595588278
2825,-0.7377949645863588
2826,-0.7038934334244631
2827,-0.9810665166254289
2828,-0.3824227148816206
2829,-0.6905708437865306
2830,-0.2112075630543544
2831,-1.0856279988745459
2832,-0.6058267072111596
2833,-0.2921838754064465
2834,-0.8602860149823823
2835,-1.1445261592460305
2836,-0.6219592689967675
2837,-0.7908033906528482
2838,-0.26914272903273617
2839,-0.6605387650849306
2840,-0.6506673031273293
2841,-1.175959714383546
2842,-0.0746658233719022
2843,-0.6903975398831617
2844,-0.6327644601034863
2845,-0.5529790224947941
2846,-0.27581683463863826
2847,-0.4015898495973249
2848,-1.1507443870465832
2849,-0.5300822571997985
2850,-0.04533630415394496
2851,-0.3970165614615735
2852,-0.9497354161281728
2853,-0.9095091730467644
2854,-0.3108578195793794
2855,-0.5861714322903491
2856,-0.28169798977042415
2857,-0.4149808174185452
2858,-0.28060653445460826
2859,-0.4124621572329392
2860,-1.4071124733717542
2861,-0.7839643313299325
2862,-0.6773865771909247
2863,-0.5532974284488841
2864,-0.09675963507186314
2865,-0.6479112077636267
2866,-0.22922821920070402
2867,-0.3984341130587099
2868,-0.39636604022838595
2869,0.05872520998801778
2870,-0.7209729219114394
2871,-0.6573587481293979
2872,-0.5801318993112261
2873,-0.19691352112017246
2874,-0.9010457347187315
2875,-0.4249904452726332
2876,-0.6366624069381892
2877,-1.0609130754183833
2878,-0.31694248389879
2879,-1.453400724514954
2880,-1.1682218449486843
2881,-0.9122430517853861
2882,-0.2967712992653042
2883,-0.6978808942589372
2884,-0.9240931407630433
2885,-1.0128612742584189
2886,-0.22347693405905966
2887,-0.20920187465274376
2888,-0.007631852785624282
2889,-0.6582189838960628
2890,-0.8670741059629512
2891,-0.2230836441601034
2892,-1.9815565061778915
2893,-0.39561984432990105
2894,-0.379564185798678
2895,-0.4247262930834286
2896,-1.5512404750231554
2897,-0.9780776288644315
2898,-0.020577552967731005
2899,-0.820126973512249
2900,-1.001443253663459
2901,-0.8395766642883475
2902,-0.32144076277666
2903,-0.981135318005987
2904,-0.28820044287924285
2905,-0.6504230742075494
2906,-0.5904906351037735
2907,-1.6493560945283228
2908,-0.25003970961836
2909,-0.07682482591392126
2910,-0.09233322387719523
2911,-0.661938727342255
2912,-0.6840882957783245
2913,-0.9327787585308589
2914,-0.4570757712169513
2915,0.04640609767152126
2916,-0.9610372810344758
2917,-0.6109981453028406
2918,-0.5827652131967564
2919,-1.0253937702828888
2920,-0.29522369951609617
2921,-1.319234896089013
2922,-0.5354539192388472
2923,-0.350042494336924
2924,-0.3133838444757764
2925,-0.5282709713929425
2926,-1.0424266755367215
2927,-0.08353380271163147
2928,-1.2169677641522443
2929,-0.5766214217805639
2930,-0.8535014543071124
2931,-0.7515454420900838
2932,-0.6801165271452605
2933,-0.3422986859267356
2934,-0.7068270623110062
2935,-0.2513187135471613
2936,-0.3273736113398471
2937,-0.49399299389466433
2938,-0.1478314806626566
2939,-0.7308309333609961
2940,-0.7754226988614605
2941,-0.11016841152529988
2942,-1.3135470546379098
2943,-1.0159238864311015
2944,-0.31403411940185855
2945,-0.6916879118694075
2946,-1.7837269975054448
2947,-1.0555591963061008
2948,-1.3614268562167786
2949,-0.7014299174835306
2950,-1.1996370473919447
2951,-0.46337596102524437
2952,-0.9005713443615386
2953,-0.7384303843256597
2954,-0.16953381980355164
2955,-0.7035654708167947
2956,-1.616041583775679
2957,-0.5884589788261825
2958,-0.8339002536672027
2959,-1.1626994937651585
2960,-1.3957023175046577
2961,-1.631316081960669
2962,-0.48655673226304885
2963,-0.43895444729174704
2964,-0.6957225231781194
2965,-1.0961129079219467
2966,-0.8378632355912916
2967,-0.2846203452500713
2968,-0.9865713778341871
2969,-0.9827418647469761
2970,-0.7506424450186016
2971,-0.6495583534887581
2972,-0.8006746642580289
2973,-0.9533385866649375
2974,-1.4690733924249633
2975,-0.6184344025596591
2976,-0.7062303282072371
2977,-0.5677478940392451
2978,-0.5857405637426343
2979,-0.30010179407179405
2980,-1.2510415856960673
2981,-1.0360826214973662
2982,-1.0528848775234774
2983,-0.7038652341603835
2984,-1.2554832380383192
2985,-0.42726522463389105
2986,-1.2168394295875609
2987,-0.5373753327080601
2988,-0.5191201474995455
2989,-0.5048289858302515
2990,-1.1223169185440183
2991,-0.3961761660637637
2992,-0.25551062581642414
2993,-0.6354509094156873
2994,-0.09731184552244532
2995,-1.1573198203604633
2996,-0.7067785782848843
2997,-0.6424853566007398
2998,-0.20514175024566228
2999,-0.06775718375520778
3000,-0.3596330252741202
3001,-0.3785230507727577
3002,-0.7176586035263526
3003,-1.3666889172940158
3004,-0.6299993135907713
3005,-0.4203044202080508
3006,-1.240356697308329
3007,-0.2324897687971632
3008,-1.2273525123579936
3009,-0.4919042643737104
3010,-0.7414431543326072
3011,-0.13092222007560794
3012,-0.501702678277935
3013,-1.9680641541478525
3014,-0.1948611736847039
3015,-1.0666934132252401
3016,-0.631046012328569
3017,-0.8172391698846841
3018,-0.7652531426336437
3019,0.10151245788115792
3020,-0.27285077084236464
3021,-0.19019788643715296
3022,-0.8003623964806734
3023,-0.4041228575281446
3024,-1.7503271855525113
3025,-0.07741902633323772
3026,-0.7672353101438734
3027,-0.46343753424097645
3028,-0.7253312604307647
3029,-0.7426775929463685
3030,-1.3779623129764857
3031,-0.8401701593203166
3032,-0.28985946462312495
3033,-1.1947555846746256
3034,-0.6897890146627033
3035,-0.7546130559407818
3036,-0.8191015819854668
3037,-0.4816988297013338
3038,-0.7286570589707737
3039,-0.3031377530958794
3040,-1.174258374709188
3041,-1.6277237313428508
3042,-0.06615285249749414
3043,-0.6144094620360265
3044,-0.9573915442922503
3045,-0.9176594291828941
3046,-0.6636353760288358
3047,-0.5539503521826452
3048,-1.0753515422562143
3049,-0.5546103323125708
3050,-0.7299758998261361
3051,-0.20362197646098545
3052,-0.37644430311475086
3053,-1.066921199920607
3054,-0.7824835814070608
3055,-0.31834487788903365
3056,-1.3503280628292078
3057,-0.6405299122910499
3058,-0.5205040789959416
3059,-1.1998703847775414
3060,-0.29068848050165985
3061,-1.1978578203702774
3062,-0.1961132404067496
3063,-1.4234738345472737
3064,-0.8670054569679186
3065,-0.32246847258658407
3066,-0.34072028374218455
3067,-1.6805312058772828
3068,-0.6618056594100108
3069,-0.38730665744812964
3070,-0.21194844560625148
3071,-0.08110865518996269
3072,-0.18979036887392642
3073,-0.16720728656616668
3074,-0.41228167820090844
3075,-1.4516203986686036
3076,-0.1921441532760495
3077,-0.7187489872416157
3078,-1.9893722231330673
3079,-1.4018266765172505
3080,-0.6229252960147456
3081,-1.1447513823025373
3082,-0.37714910592904616
3083,-0.5521088816099804
3084,0.15146705875359978
3085,-0.3557404929905563
3086,-0.7490422041925457
3087,-0.10129710264910452
3088,-0.16617225759884424
3089,-0.46414526888847596
3090,-0.5582952959231631
3091,-0.21340762023118742
3092,-0.34827152353661717
3093,-0.2873664736202053
3094,-0.20463102069422678
3095,-0.8804076176660693
3096,-0.3320075370490747
3097,-0.34976449831379686
3098,-0.798702524027048
3099,-0.772368399597894
3100,-0.8494221503041766
3101,-1.0711016766582215
3102,-0.07794122347345778
3103,-0.23411230949572936
3104,-0.465010620253818
3105,-0.9197629870183133
3106,-0.5994242797953637
3107,-0.7156951713945221
3108,-0.14160160824116375
3109,-0.5153402377074352
3110,-0.44067809332787533
3111,-0.39393727723548544
3112,-0.2530370828737212
3113,-0.4838959772024556
3114,-0.13084672238374595
3115,-0.09321860350183409
3116,-1.0035142037148064
3117,-0.4896705905615373
3118,-1.2717955347881595
3119,-1.8386978981248816
3120,-0.7030178177067663
3121,-0.14208798321237026
3122,-1.1288795870820334
3123,-0.9321070259859003
3124,-0.732711343452751
3125,-0.9118792917202097
3126,-0.25227778380126975
3127,-1.0472521885729829
3128,-1.1170930279212448
3129,-1.2619004227863888
3130,-0.8101998873825715
3131,-0.6378869166133263
3132,-0.8598391115858
3133,-0.061515783972888594
3134,-0.3999304408463904
3135,-0.7931728992863385
3136,-0.7476029281481864
3137,-0.18924493987334112
3138,-0.30932546179088916
3139,-0.6966558337497857
3140,-0.5660828170606216
3141,-1.6635271841698023
3142,-1.0764437341240747
3143,-0.7168157226920411
3144,-0.3110390046854459
3145,-0.7930621156490549
3146,-0.14036437183782402
3147,-1.2804070087184096
3148,-0.2723963026563494
3149,-0.806656483167361
3150,0.029138327868436287
3151,0.24617062516446198
3152,-0.3473557820698945
3153,-0.29837132929621335
3154,-1.0282026268152915
3155,-0.3691371751586008
3156,-0.4557910908789977
3157,0.06962078800733384
3158,-0.16515421375742267
3159,-0.21670886547519852
3160,-1.2108730908310288
3161,-0.9344280245475822
3162,-0.6711587733833826
3163,-0.7520216432259597
3164,-1.6942264853685232
3165,-0.8007077920835715
3166,-0.6957479777958477
3167,-1.3436361667086838
3168,-0.33593353752664634
3169,-1.1605735476624275
3170,-0.7931533059286417
3171,-0.7135106149678334
3172,-0.3205188258759213
3173,-0.7396644851125189
3174,-0.5892802469057377
3175,-0.9924854973768897
3176,-1.220673951649612
3177,-1.144489404172001
3178,-0.5257798231005102
3179,-0.6050884668937848
3180,-1.2332377925545068
3181,-0.6408166254622847
3182,-1.0094946215204992
3183,-1.8167334255055967
3184,-1.1117870307083135
3185,-0.9589854082672562
3186,-1.7509796891908092
3187,0.011023413158886886
3188,-0.07135160295471765
3189,-0.04785519303059993
3190,-0.9808219731327688
3191,-0.0548853183055813
3192,0.012816411600584887
3193,-0.17815941909260302
3194,-0.7354357367091116
3195,-0.9265051839351208
3196,-0.08909014909371304
3197,-0.8478513393649321
3198,-0.5144509768200063
3199,-0.3160228275111092
3200,-0.5582640068123963
3201,-0.3149127852673195
3202,-0.37682102062949197
3203,-0.6301811847841341
3204,-0.2510962422851162
3205,-1.2395148623041385
3206,-0.24923269748950072
3207,-0.1762297177427148
3208,-0.5210294771609607
3209,-1.2565559307136338
3210,-0.7537564858903401
3211,-0.045987126658507016
3212,-1.429903016942362
3213,-0.527421904435772
3214,-1.1558763267681786
3215,-1.0168156550376537
3216,-0.8057236306706193
3217,-0.04105504383662839
3218,-0.45021872413269715
3219,-0.46325058772892636
3220,-0.7991255486647122
3221,-1.311279920130032
3222,-0.49345030703894954
3223,0.022163882563320136
3224,-0.06670407272495438
3225,-1.1553776424697118
3226,-0.4207469313629262
3227,-0.1979305782729721
3228,-0.7220518751421743
3229,-1.0521508534795179
3230,-1.5618100019441603
3231,-0.7033374147796005
3232,-0.9739755633141469
3233,-1.3701255549126548
3234,-0.8109692479866975
3235,-0.5270941280989123
3236,-0.8645574570160928
3237,-0.6875719829509919
3238,-0.7002644444869017
3239,-0.18320090955486656
3240,-0.47717429349686524
3241,-1.1999092113580192
3242,-0.32643605810072907
3243,-0.9842604969064963
3244,-0.8936295540295716
3245,-0.9205688284416003
3246,-1.2906528153232797
3247,-0.8660303444632329
3248,-0.15994049974123659
3249,-1.1424169735192857
3250,-0.8386971905427694
3251,-0.3957320327622462
3252,-0.3115474404184595
3253,-0.7263978528990835
3254,-1.3038935565640823
3255,-0.40364646787528713
3256,-0.5914344464800534
3257,-0.1257161431039855
3258,-0.6430177854099917
3259,-0.42406050639562887
3260,-1.0503195715605962
3261,-0.8728959657701818
3262,-0.7361345110465558
3263,-0.17023218258068384
3264,-0.43962559100322807
3265,-1.0918963316593508
3266,-0.6700939576651106
3267,-1.2777397472897731
3268,-0.6978880681582806
3269,-1.0893237247383887
3270,-0.21899028117731856
3271,-1.0089537435242548
3272,-0.6483074237922335
3273,-0.6881381405947797
3274,-1.0116670857837864
3275,-0.6605468180655092
3276,-0.16499952894870784
3277,-0.48818576500424316
3278,-1.6739448140877984
3279,-0.6240515497335051
3280,-0.7485378546362145
3281,-1.0223609497539867
3282,-1.5039030111459275
3283,-1.0418582652950596
3284,-0.5948934327968733
3285,-0.195094632760608
3286,-0.804389347741056
3287,-0.9817564831833225
3288,-0.9838848261467468
3289,-0.8087110439329601
3290,-0.43893438605153046
3291,-0.5195589473009399
3292,-1.532281685688445
3293,-0.386604232521345
3294,-0.2037970652417478
3295,-0.9594454632674456
3296,-0.883942865720631
3297,-1.2357478403275417
3298,-0.15527847906551973
3299,-0.8889359392390261
3300,-0.43612121966696726
3301,-0.6156250054417685
3302,-0.6734398947766327
3303,-0.2631505667300482
3304,-1.1417786930270297
3305,-0.21037202456066773
3306,-1.120430782939635
3307,-0.5002943013715571
3308,-0.28067991305236584
3309,-0.16090017007524882
3310,-0.2278212185415569
3311,-0.8114573044532842
3312,-0.5208522888126328
3313,-0.32241258051279376
3314,-0.7590267626970066
3315,-0.3840829343125214
3316,-1.0292723908933152
3317,-0.22846533276141745
3318,-0.9630394363159906
3319,-0.9916392693486056
3320,-0.630972142488569
3321,-0.8940918357862535
3322,-0.7668797493716664
3323,-1.0809760369720276
3324,0.24708049621476125
3325,-0.39345816709391923
3326,-1.1624155500748234
3327,-0.45777951465988265
3328,-0.619562279445673
3329,-0.536923142060338
3330,-0.5102781501587026
3331,-0.5386730230550274
3332,-1.7971773781059799
3333,-0.609413687678263
3334,-0.3842966261742329
3335,-0.9452853066417397
3336,-0.9756694423919798
3337,-1.0311446762116319
3338,-0.29149695107315177
3339,-0.46397250112643174
3340,-0.48251053787418474
3341,-0.2883142886289731
3342,-0.13700718628347452
3343,-0.29037227493063744
3344,-0.36858103820395316
3345,-1.7231773497913465
3346,-1.0608953906861092
3347,-0.4065586586274077
3348,-0.2267742094048668
3349,-1.0365494702388258
3350,-0.30393594481624175
3351,0.13549625634089946
3352,-0.5275913090284923
3353,-0.591942545114704
3354,-0.8319668483443223
3355,-0.31859846712741846
3356,-0.3004125349225246
3357,-0.935071306931148
3358,-0.7283133159362944
3359,-0.6084820698261546
3360,-0.1493496142211621
3361,-0.836606236067585
3362,-1.381336782098939
3363,-0.6293956356110895
3364,-0.12798045430027294
3365,-1.125100662931677
3366,-0.6381360122341619
3367,-0.7448793392487276
3368,-0.46689316229521416
3369,-0.3516372779050303
3370,-0.22721081450546987
3371,-0.3601288554327753
3372,-0.6674727343087241
3373,-0.7119662671727336
3374,-0.45377555838286443
3375,-0.7809994987154303
3376,-0.6619799550238235
3377,-1.473769789100316
3378,0.1601571198658811
3379,-0.8197699787188448
3380,-0.3756647097486576
3381,-0.223894660724254
3382,-0.30209871504503827
3383,-0.8185803769663917
3384,-0.6031949459994652
3385,-0.8040505750522962
3386,-1.136739196319607
3387,-0.40165835590396615
3388,-0.7871428277096952
3389,-0.7282942886557757
3390,-0.3035551799385181
3391,-0.12885543818564837
3392,-0.7308264790411481
3393,-0.33016537843053473
3394,-0.16713185074923542
3395,-0.8518935901308589
3396,-0.6473344377230463
3397,-0.8604598324597676
3398,-0.41764120284081474
3399,-0.2690590475423149
3400,-0.3776560580010555
3401,-0.9010675125503256
3402,-0.21559339385081344
3403,-0.7279087139694118
3404,-0.3106705336756508
3405,-0.5331061723066073
3406,-0.0799722167525787
3407,-0.8320692451379335
3408,-1.0674070723338223
3409,-0.6914397976994244
3410,-0.12051304059468348
3411,-1.1150451580187717
3412,-0.11625940443839422
3413,-0.147249454727006
3414,-0.37628567158649395
3415,-0.38714881675857615
3416,-0.06427435263751824
3417,-0.16515348659431184
3418,-0.7232441049820817
3419,-0.13188516635614156
3420,-0.5381539006574081
3421,-0.9817993442236732
3422,-0.3277842513166389
3423,-1.1729776088011319
3424,-0.15477824305618904
3425,-1.536088926917048
3426,-0.8103379392179493
3427,-0.45356915966270117
3428,-0.44944883436661587
3429,-1.1263893529694466
3430,-1.1251445323661633
3431,-1.03002812162156
3432,-0.7547057155868835
3433,-1.604364204743259
3434,-0.6678177262402831
3435,-1.071170737503187
3436,-0.5868698724375407
3437,-1.000014801613058
3438,-0.8674721080995151
3439,0.314744588755699
3440,-0.3520941063400467
3441,-0.38079799335421294
3442,-0.738960530958644
3443,-0.7653351896813083
3444,-0.7048238790498991
3445,-0.3794428595608257
3446,-0.7558092951630757
3447,-1.0809556591912293
3448,-0.3010661769539027
3449,-0.21991764065825126
3450,-0.329770347986559
3451,-0.6935872600270256
3452,-0.6786647877461138
3453,-1.2128080409676931
3454,-0.7815839199250485
3455,-0.7112013169995286
3456,-0.6689029998101803
3457,-1.4203949668851088
3458,-0.29890495171227727
3459,-0.4577679476620278
3460,-0.5329932131673409
3461,-0.5353820716615563
3462,-0.3330022309010965
3463,-0.2193593256458164
3464,-0.5657316257743004
3465,-0.7343018368639684
3466,-0.6692177750681199
3467,-0.17161484940943872
3468,-0.238797438639067
3469,-0.2927067951608966
3470,-1.1605816428013067
3471,-1.0848658234135338
3472,-0.7077139170486473
3473,-0.7788774748101501
3474,-1.0982009745898067
3475,-0.7128450286958941
3476,-1.0455270909409642
3477,-0.38870854369584373
3478,-0.5641674820866165
3479,-0.5736041265079326
3480,-0.14031248664694562
3481,-1.1228464797392543
3482,-1.014002027474409
3483,-1.0770225681929153
3484,-0.8126171570748808
3485,-0.44996624388317974
3486,-0.6847197657376747
3487,-0.5997784361354901
3488,-0.8338342756284531
3489,-1.097026819849782
3490,-0.6457529738050714
3491,-0.7764702906211836
3492,-0.21433550814067992
3493,-0.7061522481809053
3494,-0.3673277568320854
3495,-0.9115275395028031
3496,-1.1229739917450832
3497,-1.107645044319879
3498,-0.9245509242955148
3499,-0.6536372668039392
3500,-1.0503453515515149
3501,-0.5441356489781741
3502,-0.3387519748266372
3503,-1.181216411113067
3504,0.13158921617978692
3505,-0.6302979349461415
3506,-0.21269914724490757
3507,-0.7270284993244593
3508,-1.096844258485503
3509,-0.28555959280526944
3510,-0.1252515478630465
3511,-0.886811344334896
3512,-0.45541996967948606
3513,-0.27693677497742364
3514,-0.5289169968727938
3515,-0.7310473543958393
3516,-0.12618179602681634
3517,-1.126447349839458
3518,-0.5267111449190587
3519,-0.6194381989654758
3520,-1.057660704302871
3521,-1.0136181684897
3522,-1.2472971272669384
3523,-0.7169030317080085
3524,-0.5596211913759019
3525,-0.5358898138892436
3526,-0.5108625223723049
3527,-0.9408519780822031
3528,-1.0352711175674838
3529,-0.6114234777629157
3530,-0.400578456538522
3531,-0.4272477064445126
3532,-1.0475735379966742
3533,-1.0014089329243419
3534,-0.3908435014278173
3535,-0.9282573914879872
3536,-0.6998887510493721
3537,-0.7268046299359661
3538,-0.8310605946980274
3539,-0.20873215023306924
3540,-1.5977885583061313
3541,-0.41679629439290866
3542,-0.6355459278519358
3543,-0.7166858631180355
3544,-0.9357600325444757
3545,-1.0164253460675
3546,0.07549284887009122
3547,-0.9813544133246925
3548,-0.14989765978043068
3549,-1.0341105197733933
3550,0.012187458482635583
3551,-0.41402826389568403
3552,-0.654400138643394
3553,-0.8514877818844557
3554,-1.0721772276198567
3555,-0.8213821892283848
3556,-0.0713969690096321
3557,-0.6343408761760934
3558,-1.409506087179047
3559,-1.1301355040573315
3560,-0.4209738070590836
3561,-0.328214460411131
3562,-0.7401319877295354
3563,-0.8001394648945268
3564,-0.45754953969700995
3565,-0.873943071811595
3566,-1.048912678859479
3567,-0.878064069030416
3568,-0.17793344929316346
3569,-0.6328883401457088
3570,-0.6842590592629691
3571,-0.30324622109984345
3572,-0.11333280361160036
3573,-0.7172576886603057
3574,-0.9248701607299372
3575,-0.4022629940918723
3576,-0.6515366485268754
3577,-0.45238208848970274
3578,-0.6007675667241887
3579,-0.20969859089943998
3580,-0.727710903296781
3581,-0.8360750316589716
3582,-1.0264453865735557
3583,-0.322710257105169
3584,-0.5768519511002521
3585,-0.08399846693337953
3586,-0.1404177043348387
3587,-0.18714877750180747
3588,-1.0944516563490259
3589,-0.3944456228665416
3590,-1.0490774521201665
3591,-0.4077018940852124
3592,-0.2124553155565001
3593,-0.36535138055732985
3594,-0.24622415269692466
3595,-0.36948240401231125
3596,0.07801292368373147
3597,-1.3071606935701716
3598,-1.582681731685917
3599,-0.1305317834619888
3600,-1.2097889682512792
3601,-0.6220574951875479
3602,-1.4140252549503776
3603,-1.4682781393497555
3604,-0.3715451159532783
3605,-0.4049614124197849
3606,-0.8199392175443991
3607,-0.05800536436732018
3608,-1.5931628997018534
3609,-1.2884533245905327
3610,-0.9860600295463724
3611,-0.7784800864600139
3612,-1.249188253581887
3613,-0.428137936604263
3614,-0.9608140840257864
3615,-1.2282543573367912
3616,-1.2733285920939292
3617,-1.0134867940036654
3618,-0.9116074544373998
3619,-0.39419897023750483
3620,-1.3081728810051838
3621,-0.6204059045545298
3622,0.1234492111303831
3623,-0.8511628378627056
3624,-0.8724290889641184
3625,-0.8921883173854013
3626,-0.7501245178600082
3627,-0.913923266526067
3628,-0.6418433337730571
3629,-0.9313856529418931
3630,-1.535219056354596
3631,-0.7250102949873451
3632,-1.3386489757801774
3633,-0.9779747765539479
3634,-0.8097970489394353
3635,-0.874821817891255
3636,-0.8690764170839604
3637,-0.4883587642119491
3638,-0.4003765091942566
3639,-0.8499113013590356
3640,-1.0713054476433979
3641,-0.5937009928178352
3642,-0.28715186734413445
3643,-0.6183158665562976
3644,-0.32547689119102774
3645,-1.0297031422349592
3646,-1.152164709881832
3647,0.596602183237607
3648,-0.2562725373969683
3649,-1.1263334733081858
3650,-0.40036852108081566
3651,-0.7052404701013137
3652,-1.2513481204740171
3653,-1.894997061888015
3654,-0.4077607114484476
3655,-0.7444845988115989
3656,-0.37232219669725186
3657,-1.015841160995222
3658,-0.5283402958478947
3659,-0.3459147525365358
3660,-0.3847696941094867
3661,-0.854736925371649
3662,-1.4236624922829209
3663,-0.6905205065601412
3664,-1.0257013448215968
3665,-0.5624255307586481
3666,-0.2525764725069666
3667,-1.8085856254365362
3668,-0.010890177288063407
3669,-1.4696975208038154
3670,-1.0498532802599416
3671,-0.3749758832604262
3672,-0.27942734191442664
3673,-1.4092928390372392
3674,-1.3885968734429412
3675,-0.6109174766137715
3676,-1.0754377139413511
3677,-0.28032877206311735
3678,-1.2798268106946906
3679,-0.5247290873622239
3680,-0.6349293777169271
3681,-1.0597508358248602
3682,-0.47959257725828364
3683,-0.69225784938141
3684,-0.09276537450250166
3685,-0.3844901849737856
3686,-1.0016217365790077
3687,-1.4614393946193365
3688,-0.8111529324108437
3689,-1.755702971227172
3690,-0.833908451090601
3691,-0.2530370828737212
3692,-0.2827821478302779
3693,-0.2483516543266986
3694,-0.324259284934991
3695,-0.2932911649701042
3696,-0.9877148005815377
3697,-0.7822680069031858
3698,-0.6847590816376932
3699,-0.46033686878446645
3700,-0.5093526138009237
3701,-0.30634750783222997
3702,-0.29403929016746133
3703,-0.4823764426822894
3704,-0.5657446320511466
3705,-0.6295174246350494
3706,-0.40630016025899796
3707,-1.1212082576682183
3708,-0.2969555268784365
3709,-1.0238870395612678
3710,-0.8806511548669766
3711,-0.7313321334188452
3712,-0.8482764028768188
3713,-0.17842787479129196
3714,-0.35140414301488176
3715,-0.8439327121125992
3716,-0.5638660084567384
3717,-0.45704348743312595
3718,-0.8698421034618107
3719,-0.7197190618353861
3720,-1.160663274157343
3721,-0.49591568604927994
3722,-0.6418926811517318
3723,-0.5739953607852817
3724,-0.6936140883791144
3725,0.01655713143896964
3726,-0.0958302811692866
3727,-0.030702305219467707
3728,-0.7425412127104032
3729,-0.6493575854496152
3730,-0.7183249818348663
3731,-1.0420407931264999
3732,-0.8033782958231934
3733,-0.3012640426743487
3734,-0.7200209700641342
3735,-0.6791641030625146
3736,-0.7847119238732314
3737,-0.8273220140955007
3738,-0.3616944736826575
3739,-0.9460947906463737
3740,-0.6823820573220956
3741,-0.6744764471319331
3742,-0.12129271407807662
3743,-0.7337289998178009
3744,-0.22302919076747107
3745,-0.4330434463757751
3746,-0.40270033830434904
3747,-1.491661496748517
3748,-0.5353760953198528
3749,-0.3075407576962592
3750,-0.702602579081365
3751,-0.1728222373282886
3752,-0.9223040302200323
3753,-1.0144928926808876
3754,-0.7223282290040223
3755,-0.4161954498007585
3756,-0.7924701656043918
3757,-1.0769990180067441
3758,-0.8291940077602733
3759,-0.3386585135280722
3760,-1.0446547481113255
3761,-1.432398833170775
3762,-0.9013635431017311
3763,-1.1099415041812324
3764,-0.2243081383394483
3765,-1.467133712666495
3766,-0.9075094964668491
3767,-0.7301912532766033
3768,-0.1776834476037159
3769,-0.7578372521358085
3770,-1.3514473030504017
3771,-0.23277764869110817
3772,-1.5719636873769898
3773,-0.6313809837473063
3774,-0.6703516012225761
3775,-0.12002960332650336
3776,-0.07691730261519081
3777,-0.5366796372457798
3778,-0.9581782093968276
3779,-0.6689561344164425
3780,-0.5895149930398438
3781,-1.0713953273969161
3782,-1.014939498059963
3783,-1.119135962388408
3784,-0.3246238942560242
3785,-0.6789095005230421
3786,-0.8121464579661803
3787,-1.0146810109223037
3788,-0.6271685197292518
3789,-0.2710750777618949
3790,-0.8312577571199524
3791,-0.710563191355164
3792,-0.9469191954188565
3793,-0.5243494231305847
3794,-0.9139743271633951
3795,-1.3852225823132496
3796,-0.5937717238941875
3797,-0.5030219746168187
3798,-0.14711406004348615
3799,-0.511389537316639
3800,-0.6139749944515556
3801,-0.254888808766609
3802,-0.9221107025688018
3803,-0.7259956804787446
3804,-0.9832484291516748
3805,-0.9587966751040387
3806,-1.018813822810694
3807,-0.5728037016932885
3808,0.2293259122696225
3809,-1.4784070979677193
3810,-0.16187982712080595
3811,-0.7497969486506704
3812,-0.15608186621932463
3813,-0.7978932554069502
3814,-1.7691092949093947
3815,-0.21985231924884596
3816,-1.2621851250730736
3817,-1.033269197836776
3818,-1.5155541417826577
3819,-0.02826415429474527
3820,-0.2326664701901171
3821,-0.4379375384390771
3822,-0.5597676320446394
3823,-1.0910554898979357
3824,-1.0153141521733686
3825,-0.6738944482131979
3826,-0.7827896565451666
3827,-0.33555313623794936
3828,-1.100273683183238
3829,-1.2246782991893845
3830,-0.37381814263173196
3831,-0.26977139146764273
3832,-0.31107431206663017
3833,-0.37690733589944814
3834,-0.8259303429468384
3835,-0.361181019314778
3836,-0.9582697114486902
3837,-1.2852683336685569
3838,-0.6599349806105006
3839,-0.19786963365322774
3840,-1.0909931512455793
3841,-0.8032967418610939
3842,-0.6084741372354534
3843,-1.7286881808799046
3844,-0.6668002947564788
3845,-1.1615785565327048
3846,-0.45863374100208265
3847,-0.8800691965325278
3848,-0.20104129170798157
3849,-0.26192566697462283
3850,-0.6470567011270056
3851,-0.7970221834133702
3852,-0.47954955677861233
3853,-1.1429352735531735
3854,-0.3932052522973035
3855,-0.11387284462590652
3856,0.17370503833633522
3857,-0.7357020330693009
3858,-1.3276566418261913
3859,-0.6242139373299196
3860,-0.792264312768542
3861,-0.5351147422704057
3862,-0.1840528736865763
3863,-0.5043359583215308
3864,-0.6329235521878709
3865,-0.6954176912546521
3866,-1.0678500852445287
3867,-0.7093244380291845
3868,-0.9218064959455043
3869,-0.36425285778924854
3870,-0.6693299222573406
3871,-0.864166680735674
3872,-0.2485207628833508
3873,-0.13865172087783328
3874,-0.4678063973925659
3875,-0.13412072688527465
3876,-0.0916561490300023
3877,-0.7742642732214238
3878,-1.071583986966821
3879,-0.7097781973539046
3880,-0.39192728037145264
3881,-0.7678751519882847
3882,-0.9729032230826475
3883,-0.07513908198761787
3884,-0.7526425519480211
3885,-0.3703400177026994
3886,-0.6465216375832257
3887,-0.2047931190741603
3888,-0.888169548493041
3889,-0.18303362857370464
3890,-0.8038919626432228
3891,0.043926931629842514
3892,-0.7196010437770197
3893,-0.46852254526601533
3894,-1.3886743072651688
3895,-0.7683074579046654
3896,-1.871801429947002
3897,-0.6528456350880425
3898,-0.810686699656433
3899,-1.0300313992621999
3900,-1.1937383683553922
3901,-0.5639274903799569
3902,-0.3418155285401867
3903,-0.23486502330658365
3904,-0.21722403829827863
3905,-0.9030440573952281
3906,-0.32551296209458935
3907,0.24996917102231164
3908,-1.0303220775434137
3909,-0.5349646965582915
3910,-0.4874797518055414
3911,-0.34736386826883847
3912,-0.7100899828819318
3913,-0.402651776733312
3914,-0.6248798863641087
3915,-0.7643788708183108
3916,-0.8697706078044007
3917,-0.5255671887841045
3918,-0.34226837992297776
3919,-1.3980347118528087
3920,-1.0844095064271895
3921,-1.064075954377413
3922,-0.8675251002793882
3923,-0.9054409746153236
3924,-0.6221137561149757
3925,-0.4545381227873475
3926,-0.7551982185885038
3927,-0.7586214147123147
3928,-1.2846986358373307
3929,-0.928796499818412
3930,-1.0875454701687866
3931,-1.762301805844891
3932,-0.50868590575333
3933,-0.7223457090651884
3934,-0.6990016089271573
3935,-0.6386032621091098
3936,-0.8256065748375883
3937,-0.3142873934580095
3938,-1.2565313855732707
3939,-0.5815823972347034
3940,-0.6274050953633192
3941,-0.8195444216397383
3942,-0.24429045186796605
3943,-0.9231644676765289
3944,-0.7896492543870095
3945,-0.6771392068863795
3946,-0.3620687143116148
3947,-0.432703618643449
3948,-0.7054832020571893
3949,-0.6455634985175007
3950,-0.06675566062689664
3951,-0.7603552137951044
3952,-0.028924669208519882
3953,-0.3572696076255939
3954,-0.6264850103515365
3955,-0.32823076127228545
3956,-0.6353257097335401
3957,-0.23333441646289765
3958,-0.7468481464600327
3959,-1.371153289652533
3960,-0.21124085186550512
3961,-0.8078118191427697
3962,-0.6332270956409456
3963,-0.35270525739622083
3964,-0.25204125657268817
3965,-0.8594875568717433
3966,-0.3994642646537798
3967,-0.19640322461676907
3968,0.13677697966444136
3969,-0.4862463087756179
3970,-0.35192478979642283
3971,-1.1954186511346543
3972,-1.081971474258479
3973,-1.0254573205766158
3974,-0.8089565406902302
3975,-1.175620806722045
3976,-1.230569964409033
3977,-1.7212705711821428
3978,-0.21886415193648778
3979,-0.30021387872471106
3980,-0.6799077207412951
3981,-1.1647434970698864
3982,-0.47044111361899166
3983,-1.0974343060255691
3984,-0.8729348169942086
3985,-0.24438219601379618
3986,-0.4792570112295125
3987,-1.1173144410326254
3988,-1.044951144719744
3989,-0.5077739127640435
3990,-0.6444920803873482
3991,-0.8598442816505256
3992,-0.7599869570220936
3993,-0.6084741372354534
3994,-0.7788316577075323
3995,-1.2516407443399107
3996,-1.2906578369489592
3997,-0.5364869604172742
3998,-1.0512499408259628
3999,-0.8488082947963778
4000,-0.7990308360106488
4001,-0.9288596861193636
4002,-0.5878475518979638
4003,-0.4631047468450973
4004,-0.32887467987989427
4005,-1.5493119892536473
4006,-0.7837127728191453
4007,-0.7372122650184574
4008,-0.249333883165745
4009,-0.6559735485500815
4010,-0.8383721012506116
4011,-0.6252085695339447
4012,-0.7883025586670236
4013,-0.8246689069490323
4014,-0.924797611124055
4015,-0.7865828088576943
4016,-0.20452557644436453
4017,-0.9117400783892249
4018,-0.20828789929697988
4019,-0.23113275113705978
4020,-0.22935800532949369
4021,-0.4849805042960331
4022,-0.5967940121110256
4023,-0.7769217588342254
4024,-0.13460868059769693
4025,-0.37815602130848713
4026,-0.06981887532793052
4027,-0.20599809200520625
4028,-0.2845186072160393
4029,-0.9522125826710464
4030,-0.3371758765652184
4031,0.011231274412116798
4032,-0.40153025753550975
4033,-0.8766182603003907
4034,-1.2443056957527125
4035,-0.8522208239370821
4036,-0.6684501439631974
4037,-0.023829425481480593
4038,-0.5726569714531484
4039,-0.800431307394404
4040,-0.6796358408755894
4041,-0.673926760824743
4042,-0.3720711139854149
4043,-0.6776131316916325
4044,-0.944787163228312
4045,-1.015047927283208
4046,-0.7124604990153225
4047,-0.6823231650160815
4048,-1.3028643146810972
4049,-0.6838784138939937
4050,-0.6785213729500306
4051,-0.29023746513148474
4052,-0.39139732448791964
4053,-0.30377860549949554
4054,-0.10301949269184485
4055,-1.0754485368237772
4056,-0.37107173866288656
4057,-0.25310006832541787
4058,-0.669279398041039
4059,-0.8349854469743192
4060,0.0026154870836108124
4061,-1.153417313602783
4062,-0.17857705475814178
4063,-0.25577671710231176
4064,-0.6710517044279276
4065,-0.2732863739271032
4066,-0.7780970679593318
4067,-0.4812909850565006
4068,-0.3520786276833976
4069,-0.3142015041867603
4070,-0.5868789047699883
4071,-0.6163435997566058
4072,-1.1621711199336455
4073,-0.5247549144236225
4074,-0.6519422800601062
4075,-0.5872698624431165
4076,-0.12674633538168933
4077,-0.5633839481023517
4078,-0.907945672055086
4079,-1.3991757586637712
4080,-0.6800955508369726
4081,-0.7754132262056559
4082,-0.1410694763987972
4083,-1.276260936672462
4084,-0.6810420518577431
4085,-1.3541667959298118
4086,-0.4411302633949634
4087,-0.6979077240478762
4088,-1.4676975961412206
4089,-1.1579446984700033
4090,-1.1101008528505272
4091,-1.6854164623421164
4092,-0.7318448858319604
4093,-0.24364791362101257
4094,-0.6403928307392328
4095,-0.5393639845881806
4096,-0.7696416931541279
4097,-0.6069684613267161
4098,-0.4913932267271224
4099,-0.8441917020441521
4100,-0.6238393362130772
4101,-0.7163768167821694
4102,-0.8041169246323991
4103,-1.131006800702391
4104,-0.8070880884905138
4105,-1.1051100628621555
4106,-0.5490066041169761
4107,-0.8928943315953592
4108,-0.6597371181589595
4109,-1.0646209501558992
4110,-0.6443540335679812
4111,-0.7799887205504308
4112,-0.4226181430759943
4113,-0.01016108767447399
4114,-0.5623586382667545
4115,-1.0720542332443483
4116,-1.0048357835278625
4117,-0.6795738982867321
4118,-1.0561384370939242
4119,-0.3489258527852308
4120,-0.9887150439367329
4121,-0.5959425670346743
4122,-0.6850183520532309
4123,-0.18817503842240968
4124,-0.3216496745675941
4125,-0.4784913592105082
4126,-0.7271746256359808
4127,-0.5624373083755958
4128,-0.6174644644053906
4129,-1.208374851738263
4130,-0.3181524350634666
4131,-1.3903471028869627
4132,-0.45072688830878427
4133,-0.7082973380073665
4134,-0.006372444174736147
4135,-0.48580414228628443
4136,-0.42366256895454546
4137,-1.4607224343258933
4138,-1.3000689634508054
4139,-0.38389404585017317
4140,-0.03884483571406272
4141,-0.995561818307517
4142,-0.7681460238485052
4143,-0.07615514242954324
4144,-0.5518509290096318
4145,-0.4022115637764283
4146,-1.180552123399291
4147,-0.9734233201584674
4148,-0.21805674035839395
4149,-0.3146754660591915
4150,-1.0955059822310005
4151,-0.5803778328849845
4152,-0.28687773326305366
4153,-0.7206507345603819
4154,-0.9447770799834703
4155,-0.8485414549384478
4156,-0.9086806296535535
4157,-0.6449259846608382
4158,-0.9513745165973257
4159,-0.6606629493565381
4160,-0.38826765923253426
4161,-0.39812925851419956
4162,-0.7159705165339119
4163,-0.5371979152273749
4164,-0.49592339206602976
4165,-1.3516544258797032
4166,0.06585542135575095
4167,-0.27761910412906876
4168,-0.6047254709006751
4169,-0.6908866502711772
4170,-0.4553854297993938
4171,-0.5189305309332009
4172,-0.8018372207246025
4173,-1.1915285953910528
4174,-0.7937020915926218
4175,-1.0588611260175098
4176,-0.3122970958245672
4177,-0.42973368222237807
4178,-0.4032542066262734
4179,-0.23678545876204882
4180,-0.7177048478835792
4181,-0.9299010362910516
4182,-0.7536428539658417
4183,-1.2795960699727686
4184,-0.842860171216028
4185,-2.019058927464884
4186,0.06411438690474514
4187,-0.30376007509044234
4188,-0.7360161603508966
4189,-0.09453275411384565
4190,-0.33471189765829656
4191,-0.31782763578523543
4192,-1.3454892230770477
4193,-0.7327224057076811
4194,-0.39044057533857535
4195,-0.8255955634505661
4196,-1.1931265305925203
4197,-1.1791564998949413
4198,-0.6871164258055171
4199,-0.726274604330309
4200,-0.05700403932901543
4201,-0.5881420546114176
4202,-0.8340991859630416
4203,-0.41623780509832486
4204,-0.8536436609037694
4205,-0.6745737853246427
4206,-0.7353961286144068
4207,-0.2607848426463377
4208,-0.3905819322529487
4209,-0.6205635696631058
4210,-0.895404642462738
4211,-0.8187027192700946
4212,-0.6083643823118428
4213,-0.6985266388774343
4214,-0.5713039252831729
4215,-1.0753950199714604
4216,-0.5218748222372822
4217,-1.1353480155457976
4218,-0.4435027017123867
4219,-0.7284330409488871
4220,-0.7681460238485052
4221,-0.21198168529144223
4222,-1.1208667131444865
4223,-0.819350172934987
4224,-0.4110730403824676
4225,-1.3942371806430842
4226,-0.674039271487344
4227,-1.0236024406337485
4228,-1.3657461369906623
4229,-0.3427062564082073
4230,-0.9982398431945736
4231,-0.7287093159686986
4232,-0.5212785035778702
4233,-1.9771207073310855
4234,-0.5817316436131976
4235,-1.0665203877810048
4236,-0.49273526116361976
4237,-0.789262888238679
4238,-0.558161703224654
4239,-0.2602246089107205
4240,-0.8140827742476993
4241,-0.8575570434706079
4242,-0.263339717260034
4243,-0.5939754996062163
4244,-0.4637868107226921
4245,-0.4421168652172702
4246,-1.0507181527779208
4247,0.030972516695245922
4248,-0.7994407857173496
4249,0.4187793911621229
4250,-0.5510123331393109
4251,-0.5791741727822803
4252,-1.096187019756048
4253,-0.22641019904655435
4254,-1.2025023898043712
4255,-0.2800187899544402
4256,-0.41443101824862527
4257,-0.9199641714021136
4258,-0.9542859224126778
4259,-0.5028405169019927
4260,-0.24317009148094493
4261,-0.015917457200270047
4262,-0.6460640126752519
4263,-0.7474765662982348
4264,-0.6973642131843112
4265,-0.9273972207210792
4266,-1.0670961047810272
4267,-0.425594681554355
4268,-0.05471955632007153
4269,-1.1208317128002339
4270,-0.16418738248843168
4271,-0.6894979537918235
4272,-0.3474070258399218
4273,-1.06842224195422
4274,-0.9823889724572492
4275,-0.8319772208190646
4276,-0.22188686027578886
4277,-0.8435437811242352
4278,-0.526937937126551
4279,-0.4077318885280661
4280,-1.1377378156822742
4281,-0.730651544790887
4282,-1.020986758921885
4283,-0.9243724530172619
4284,-0.23385964558676697
4285,-1.2224112870872847
4286,-0.9697868814232296
4287,-1.2175952351711998
4288,-0.7084545704192069
4289,-0.7968328773274655
4290,-0.6243390577263797
4291,-0.7939507868066646
4292,-0.8287216962300268
4293,-0.6965907548613663
4294,-0.32881685041242137
4295,-0.8568342289435529
4296,-0.19647799784816788
4297,-0.6583679871602142
4298,-0.22720192870550338
4299,-0.7630761576141283
4300,-0.5794336161133864
4301,-0.12912304559861032
4302,-0.755168374249096
4303,-1.4550934788804213
4304,-0.6493575854496152
4305,-0.21821273108330264
4306,-0.560449625926847
4307,0.11254636314383704
4308,-0.36481917381592144
4309,-0.20788430485297837
4310,-0.44780425097106
4311,-1.7682868543460377
4312,-0.052548445691876555
4313,-0.6462850156136217
4314,-0.8710957940727222
4315,-0.7860379490224223
4316,-0.6291685812402548
4317,-0.7530839024365636
4318,-0.9263235592278347
4319,-0.834374591249698
4320,-0.23745688616437444
4321,-0.7078729023899899
4322,-1.2984080128139734
4323,-1.5318231731537264
4324,-0.6688271470794933
4325,-0.053780746251474554
4326,-0.667228599849631
4327,-0.2406194776378483
4328,-0.8501639697292598
4329,-0.14758224801799624
4330,-0.08642052967850633
4331,-0.6758413827717402
4332,-0.8636021899087012
4333,-0.7421011179111059
4334,-0.6436428003723762
4335,-1.127235743767915
4336,-0.577761684290667
4337,-0.9185678238441692
4338,-1.0518105435058236
4339,-0.4438237127835509
4340,-0.18133729202053006
4341,-0.6779849550126116
4342,-1.5248864432129952
4343,-0.7549358286949435
4344,-1.6106770792361789
4345,-0.397609453231905
4346,-0.4370149711790021
4347,-0.8197293888062065
4348,-0.6065257275761162
4349,-0.6999880615073721
4350,-0.38439893225031696
4351,-0.9535734117070769
4352,-0.3747956466497038
4353,-0.5489294262824969
4354,-0.5483279793375391
4355,-1.0322187951514525
4356,-0.9663551006236251
4357,-0.8448884063191939
4358,-0.8986378073190016
4359,-0.49718893309363654
4360,-0.8444782000108682
4361,-0.48835864526948636
4362,-0.334511950456573
4363,-0.25622303735828567
4364,-0.20361433968068754
4365,-0.12196089713270153
4366,-0.8054141116350906
4367,-0.6681968513488918
4368,-0.7524531211304795
4369,-0.9101077530171242
4370,-1.4846306571334609
4371,-0.6663426145452171
4372,-1.1240231122843531
4373,-0.15748866061631195
4374,-0.9343982139910298
4375,-0.6327361975801256
4376,-0.32376149976231083
4377,-1.1768087563907275
4378,-1.400838121248411
4379,-0.9557453733087737
4380,-0.2270286431177988
4381,-1.5753366891544645
4382,-0.9880920896756973
4383,0.12049536996946797
4384,-1.147979450455931
4385,0.11966804130838593
4386,-1.1744414911592331
4387,-0.3024103004449108
4388,-1.7647671896191872
4389,-1.5722088663389877
4390,-1.183367517179979
4391,-0.793907719746682
4392,-0.9797893685148797
4393,-0.20969590124606197
4394,-1.012265912109633
4395,-1.755462411392696
4396,-1.0476453518041289
4397,-1.1310747757873
4398,0.25176360302924516
4399,-0.14864342977522327
4400,-0.643596054193126
4401,-1.1385499311689018
4402,-0.192392850818631
4403,-0.5311650582452399
4404,-0.11879600436995297
4405,-1.2141778076422591
4406,-0.9006268299304798
4407,-0.28169674439746073
4408,-0.18305001930926768
4409,-0.9205013640203017
4410,-0.7428620029319495
4411,-0.1154897792343137
4412,-0.7923976364846583
4413,-1.1072650531580028
4414,-0.6017716801814059
4415,-0.32546179010882303
4416,-1.3503255646817631
4417,-0.43970840746891726
4418,-0.9069425380703708
4419,-0.6871819600955626
4420,-0.8411554493753979
4421,-0.5137177987416488
4422,-0.038062263010608
4423,-0.23080119334249694
4424,-0.6931463558074924
4425,-0.79937074239704
4426,-1.0018231253913228
4427,-0.4843119394466484
4428,-0.2961620063323802
4429,-0.7915730649690276
4430,-1.077876610488239
4431,-0.8710360087529558
4432,-0.22324494813946716
4433,-0.871789463771468
4434,-1.4661810069567451
4435,-0.6713370444471427
4436,-0.6747868887889461
4437,-0.34261614259489304
4438,-0.40297931763876793
4439,-0.2810221389047318
4440,-0.739397210248945
4441,-1.104483893330349
4442,-0.2732014885775187
4443,-0.7575786011650871
4444,-0.7118752962535562
4445,-0.7629189106623486
4446,-0.5147368556671417
4447,0.06325464257481705
4448,-1.5325347348498564
4449,-0.7287574587744523
4450,-0.001730353539295404
4451,-0.354104223515618
4452,-0.7214102603841823
4453,-0.4601251632254222
4454,-0.9794024903272458
4455,-0.7225088201934178
4456,-0.4273333065785545
4457,-1.0654173336993589
4458,-0.7253578034161707
4459,-0.3936026208151251
4460,-0.8460669955797417
4461,-0.27139173551352425
4462,-0.6376334515842474
4463,-0.737198724918184
4464,0.08518386491779806
4465,-1.674312117598788
4466,-0.8269534538183427
4467,-0.2850582595495268
4468,-1.3411310524986912
4469,-0.44962268853195964
4470,-0.9058086095531719
4471,-0.2134623865225258
4472,-0.10916815643917732
4473,-0.7303893678520361
4474,-0.5959262436738835
4475,-0.4354428658761311
4476,-1.6758105593318544
4477,-0.9705727991240436
4478,-0.260481897207395
4479,-0.732465214403409
4480,-0.9594479197474381
4481,-0.7035144450236999
4482,-0.6397942614043699
4483,-0.6774811279548125
4484,-0.65213887643924
4485,0.10248480340053079
4486,-1.0054530276904328
4487,-0.5882488430980564
4488,-1.0525814899454027
4489,-0.5856482177426265
4490,-0.5674293818052281
4491,-0.717484300998644
4492,-1.530884854505451
4493,-0.89027869701812
4494,-0.7557067452653672
4495,-0.8527545178508245
4496,-0.23425853306689381
4497,-0.9774735716920344
4498,-0.2388802515604196
4499,-0.6447599771860577
4500,-0.26388790868254297
4501,-0.20084893502219914
4502,-0.5068345176694486
4503,-0.9504618104575635
4504,-0.31660426970594835
4505,-1.2832057077964256
4506,-1.3271232064902516
4507,-0.24925648506011222
4508,-1.3534899370141247
4509,-0.4052316371555329
4510,-1.2108730908310292
4511,-0.48332631125371517
4512,-1.2292172861169102
4513,-0.10310912868255317
4514,-0.05609697945608749
4515,-0.3570226209256475
4516,-0.8021871262554292
4517,-0.027613115964248314
4518,-1.3841958315059752
4519,-0.6814642272132363
4520,0.1586843393802948
4521,-1.4083321669133315
4522,-0.1383399619555008
4523,-0.8519871323642567
4524,-1.0586239475526296
4525,-0.08110382634236868
4526,-1.0327152070902281
4527,-0.7715443030237181
4528,0.1620817214671837
4529,-0.8508177736666824
4530,-0.7105409250599397
4531,-0.7280343642438911
4532,-0.5926225259816162
4533,-0.6007902080003769
4534,-0.7404685244917766
4535,-1.1133396716330366
4536,-0.9500161318592584
4537,-0.8389670434551135
4538,-0.4671487573408575
4539,-1.0669141952040668
4540,-0.7677378582961596
4541,-1.1101030181290281
4542,-1.039064965808345
4543,-0.9762022459540514
4544,0.05518715776920713
4545,-0.3884414844070747
4546,-0.7247570719595546
4547,-0.9824801727994465
4548,-0.6819460753186419
4549,-1.0394287188942055
4550,-0.8354446994101994
4551,-1.266147138207177
4552,-0.3852969648411497
4553,-0.4377305798810043
4554,-0.5712594582209103
4555,-0.7725776118663314
4556,-0.5599635573818462
4557,-0.07202141986202282
4558,-1.0738035640442565
4559,-0.7645422435132416
4560,-0.21601031464408482
4561,-0.47570058339272436
4562,-1.167048170404319
4563,-1.3839190996271995
4564,-0.20307553308009219
4565,-0.6301511145297125
4566,-0.8561248007022428
4567,-1.1602742470174623
4568,-0.5786129960291175
4569,-0.4748204110843064
4570,-0.5857547320006773
4571,-0.9965616024521782
4572,-1.247188095389474
4573,-1.6278391134009416
4574,-0.8143945094726373
4575,-0.4815914318066745
4576,-1.1124768888615661
4577,-0.8169081661476876
4578,-0.32636519448797596
4579,-0.7462581364263101
4580,-1.083910888633108
4581,-0.19241671784409342
4582,-1.0523781741236067
4583,-0.9264407740615077
4584,-1.6778537427721136
4585,-0.7235364841811776
4586,-0.7186987348966183
4587,-0.7577646075401461
4588,0.0872640189546312
4589,-0.9852381988603494
4590,-1.1488543266402602
4591,-0.5987275683431921
4592,-1.1311080908046192
4593,-0.546128540059853
4594,-0.15475878413196553
4595,-0.7148983971705949
4596,-0.8707435309724745
4597,-1.15023511674432
4598,-1.2003089093871757
4599,-0.421288304922927
4600,-0.5128421960835345
4601,-0.46135554668457246
4602,-0.31775598856728493
4603,-0.7616286319108263
4604,-1.0680449300045827
4605,-0.845029214755546
4606,-0.16827500296778042
4607,-0.7059234078766428
4608,-0.63953917190738
4609,-0.09264400488322044
4610,-0.6331398751664075
4611,0.21926180895152791
4612,-0.806226126402255
4613,-0.338738469665929
4614,-0.7451627057531169
4615,-1.3284813083201563
4616,-0.12708916712469231
4617,-0.05396349159263414
4618,-0.6710531147362961
4619,-0.6431820658844756
4620,-0.689517960869154
4621,-0.8180519815259202
4622,-0.0692344714609614
4623,-0.8257431775511208
4624,-1.0331272736126507
4625,-0.08039604261822686
4626,-1.2652984673499934
4627,-0.05592959063401748
4628,-0.15075346353211505
4629,-0.5712579842459653
4630,0.011207235309752095
4631,-0.7874709403525344
4632,-0.5401749997220042
4633,-0.4272247874619537
4634,-1.1793558291120982
4635,-1.3773763345768295
4636,-1.1631131648631408
4637,-0.3417469693729607
4638,-0.38203335011643746
4639,-0.3580346980373714
4640,-1.5155669297565793
4641,-1.0362703598830192
4642,-0.24350654011243522
4643,-1.307300414493827
4644,-0.8563175814905031
4645,-0.5260153547776185
4646,-1.5448070931870923
4647,-1.3504566512830236
4648,-0.3506529171301749
4649,-1.1242039178781558
4650,-0.8543016264664702
4651,-1.0930961033524702
4652,-0.6824351633847072
4653,-0.24097312735356446
4654,-0.7803287628977706
4655,-0.6952042351729659
4656,-0.3248967890100154
4657,-0.8647894730044712
4658,-1.0623006026650184
4659,-1.0095848966277532
4660,-0.7594465151870078
4661,-0.3086618063408051
4662,-0.7730308433056625
4663,-0.14255776453200597
4664,-0.728074750278155
4665,-0.725007873516631
4666,-0.5481219199313008
4667,-0.2233856088957913
4668,-0.28576549475863566
4669,-0.46411597700927887
4670,-0.3519909501650915
4671,-1.1766037882333946
4672,-1.5617157328594395
4673,0.16126473731694335
4674,-0.4594684469886072
4675,-0.34500022815029485
4676,-0.105122808005363
4677,-0.6014216067900797
4678,-0.6676772042459591
4679,-0.808827006792022
4680,-0.7463356242741692
4681,-0.7838771960882474
4682,-1.2285941080085558
4683,-1.3135075514559054
4684,-0.42386295170217725
4685,-1.1132457728148615
4686,-0.30504568752165007
4687,-0.6842541519679761
4688,-0.863708581388152
4689,-0.07143414781474866
4690,-0.2616612520464403
4691,-0.6306367598224067
4692,-0.20037824623549305
4693,-0.3514697839910004
4694,-0.6105759861431235
4695,-2.138619234747636
4696,0.1989936833838808
4697,-0.6990334413787109
4698,-0.19426639774696586
4699,-0.07992252593059002
4700,-1.0122131126299847
4701,-1.4206506646790917
4702,-0.3175814699168713
4703,-0.7812136501983422
4704,-0.39507508388337675
4705,-0.5992903072941522
4706,-0.2633153946062934
4707,-0.2860507816272504
4708,-0.6780078163106351
4709,-1.043437315733987
4710,-0.3539293683218898
4711,-0.8162948526924922
4712,-1.1294553403840428
4713,-0.42936429628590167
4714,-1.0215150274969953
4715,-0.15516622098037036
4716,-1.1185386058979314
4717,-0.6843077235716506
4718,-0.9324035713869039
4719,0.001319796082932978
4720,-1.132997822228641
4721,-1.1658416550805717
4722,-0.25099206238714133
4723,0.16192945275657555
4724,-0.7466642358285143
4725,-0.37473750008541096
4726,-1.473769789100316
4727,-0.7899842947711035
4728,0.11698660102993497
4729,-0.2378002714304115
4730,-0.9809894210431158
4731,-0.3959407225898115
4732,-1.26178453870719
4733,-0.9589845592197868
4734,-0.6093508956443037
4735,-0.14514956831099424
4736,-1.0391815003289024
4737,-0.7250828133610487
4738,-1.146228944107326
4739,-0.14688838330058607
4740,-0.6914702544011271
4741,-0.6686438712696579
4742,-0.08876834968094682
4743,-0.4403804281800747
4744,-0.6685479765919746
4745,-0.5129622602127148
4746,-1.8294817348935537
4747,-0.4108012508213261
4748,-0.30134097376071756
4749,-0.8291162046431921
4750,-0.5219931245300522
4751,-0.05602338749347302
4752,-1.0448259981187684
4753,-1.106964987980645
4754,-1.3627592044633405
4755,-0.46962800858455944
4756,-0.4724943757781135
4757,-0.34928147852605207
4758,-0.1274929283931121
4759,-0.6104416545780187
4760,-1.2593470002779228
4761,-1.6008087945101028
4762,-0.752977618385301
4763,0.04221349936806007
4764,-1.2057616531208297
4765,-0.4430470393592918
4766,-0.6611876669847643
4767,-0.6695450317367906
4768,-0.4470553476060082
4769,-0.7394975590226309
4770,-0.2586811896909049
4771,-0.8088605842110854
4772,-0.701554980629219
4773,-0.930791629604353
4774,-0.2469881672222891
4775,-1.8482306591275932
4776,-0.07278072802920743
4777,0.17795811251776794
4778,-1.0103234772132992
4779,-0.700571584384587
4780,-0.5125021703914012
4781,-0.9934336436281614
4782,-0.2468781521558303
4783,-0.3879051431417446
4784,-0.3941049082208168
4785,-0.7610170361533406
4786,-0.22967021043468172
4787,-0.9898369277880048
4788,-0.7724580356943973
4789,-0.7923937475520382
4790,-1.0015621641588475
4791,-0.6732884817866536
4792,-0.8681879013374321
4793,-0.7916963679466278
4794,-0.2775093836533711
4795,-0.7078386611065715
4796,-0.5168644405177565
4797,-1.1263257280060872
4798,-1.1607483496390447
4799,-0.7388359542969571
4800,-1.3510216132268704
4801,-0.7443139854303817
4802,-0.31224463987941586
4803,-0.6922650765942748
4804,-0.5304179522445294
4805,-1.0140837459353742
4806,-0.03287368942631974
4807,-0.5105746554616839
4808,-1.0053490075082516
4809,-0.7052767666877287
4810,-0.10028872969044511
4811,-0.04613427459170638
4812,-1.0886805719291064
4813,-1.1462289441073261
4814,0.005951956505458433
4815,-1.4678948398295375
4816,-1.0343747962131642
4817,-0.6785663811614011
4818,-0.7485990102262892
4819,-0.919663541257203
4820,-0.8393266031831463
4821,-0.5405676889539153
4822,-1.2975377460699764
4823,-0.6781570518367075
4824,-0.6636025457312213
4825,-0.5426430129832651
4826,-1.2637172266516434
4827,-1.021460934093511
4828,-0.058045638795957366
4829,-1.3263466600885128
4830,-0.3199674531074357
4831,-0.990925868117154
4832,-0.8115471962292291
4833,-0.8126604516935199
4834,-0.29746210959818575
4835,-0.6872654076538856
4836,-0.4271402694573332
4837,-0.3986978348040342
4838,-0.8599510919181572
4839,-0.5909111828809006
4840,-0.6208846715287979
4841,-0.24552783316392723
4842,-0.7865828088576943
4843,0.08100640603692777
4844,-0.35039549544680426
4845,-0.5165001963095466
4846,-1.0458315552628394
4847,-0.7473179477884013
4848,-0.876157070090946
4849,-0.3090970596568403
4850,-1.1007025375357036
4851,-0.946194451582447
4852,-0.7239888391617799
4853,-0.4064885274427976
4854,-0.2713493434469889
4855,-0.96436109225287
4856,-0.9751308117119566
4857,-0.6332727379400771
4858,-0.5294705266514592
4859,-0.9645795068779084
4860,-0.5386681817329917
4861,-1.0005264563540512
4862,-0.38825904883057305
4863,-1.0065324635619568
4864,-0.7538967193482773
4865,-1.478481974940026
4866,-0.3349361616276032
4867,-1.0921473834515152
4868,-0.3746194997459995
4869,-0.10596348415729473
4870,-0.23586079867475318
4871,-0.07902698989717383
4872,-0.6808951360089925
4873,-0.9629007796664251
4874,-1.0947338366777823
4875,-0.8367285553817261
4876,-0.6515317685347124
4877,-1.1246397452703265
4878,-0.672891558443099
4879,0.02862482855357773
4880,-0.7950462966103657
4881,0.027664611882643575
4882,-1.1197240234332644
4883,-0.6695608507245834
4884,-0.19758889311387406
4885,-0.8281405297021636
4886,-1.172241554249251
4887,-0.5354539192388472
4888,-0.7658491397211882
4889,-0.9592374570798743
4890,-1.0320856620128598
4891,-0.45574085180188195
4892,-1.0057228108110645
4893,-0.12852430173285345
4894,-1.252601878403108
4895,-0.3122455657089134
4896,-1.2097448797893091
4897,-0.9306110591707026
4898,-0.5408552391898696
4899,-0.43670286333621133
4900,-0.5460461845437812
4901,-0.30033704031209907
4902,-0.7911230596853605
4903,-0.616153514732638
4904,-0.6336358324288911
4905,-0.36233788225460106
4906,-0.5423658076658651
4907,-1.0597006457063298
4908,-0.09672371264690804
4909,-0.7988779530197503
4910,-0.520918130735931
4911,-1.2076997894241202
4912,-0.7071464499719204
4913,-1.2608394165573011
4914,-0.33706327806231595
4915,-1.0111312291793872
4916,-0.7580952157056147
4917,-0.5981239642370106
4918,-1.238172013335022
4919,-0.6596919796829228
4920,-0.5924575613875096
4921,-0.791696367946628
4922,-0.9416967377690901
4923,-0.7465905992251152
4924,-0.39550351732438704
4925,-0.774806157250121
4926,-0.7854673401925238
4927,-1.3567880686084066
4928,-0.65837707994515
4929,-1.554222134521156
4930,-0.33362002785696365
4931,-0.09973539065962522
4932,-0.8362271520420124
4933,0.040287631762802034
4934,-0.6541924891505073
4935,-0.2297187901155786
4936,-1.0139054092881867
4937,-0.754811601670478
4938,-0.31506097286845147
4939,-1.0604507293033842
4940,-2.0658049630833526
4941,-1.8105340546293978
4942,-1.0999205320765006
4943,-0.727774398760306
4944,-1.2731508568532088
4945,-0.3707138824362921
4946,-0.2573074844257872
4947,-0.588014386134573
4948,-0.9704699539727264
4949,-0.8769711425468738
4950,-0.7042196381182115
4951,-0.06025721554010133
4952,-0.042147550287128244
4953,-0.34279440030508956
4954,-0.6183533871417144
4955,-0.7067949400350999
4956,-0.29390447567733036
4957,-1.1828984382604957
4958,-1.396441012725198
4959,0.09254065369217646
4960,-0.055584902450735774
4961,-0.4314195598161823
4962,-0.5244828740636787
4963,-1.0454342022269616
4964,-0.60171223000074
4965,-0.9809590090137976
4966,-0.958560869388992
4967,-1.9285310274377139
4968,-0.16504479115341386
4969,-0.5455056404462342
4970,-0.4459779206889194
4971,-1.192333950477708
4972,-0.32573029199377057
4973,-0.3947399942390435
4974,-0.41590830950952973
4975,0.2965153288144362
4976,-0.7077620952920398
4977,-0.5527408426811551
4978,-0.9770985038429272
4979,-1.070981379351835
4980,-0.6672581263683024
4981,-0.8002861551974845
4982,-0.2633651646689614
4983,-0.9808167150398779
4984,-1.0136156165447283
4985,-0.2751743235653876
4986,-0.2634785431256508
4987,-0.46751971866305486
4988,-0.7422443849316349
4989,-0.48036404106261266
4990,-0.32180828772047176
4991,-0.6950176376509232
4992,-0.5026215232515647
4993,-0.261114885646313
4994,-0.7364170749649688
4995,-0.37255339008759414
4996,-0.6574934784451725
4997,-0.8657126426036186
4998,-1.1126142657221547
4999,-0.8649885857631232
5000,-0.7584545797702915
